domain,name,country,city,category,estimated_monthly_sales,currency,plus,payments,discovered_at,email
highspeedgas.co.za,High Speed Gas,ZA,Johannesburg,Autos & Vehicles,291832.96,ZAR,false,PayGate;Cash on Delivery,Fri Sep 11 2026 02:00:00 GMT+0200 (South Africa Standard Time),info@highspeedgas.co.za
cctv-direct.co.za,CCTV Direct,ZA,Johannesburg,Safety & Survival,221456.75,ZAR,false,Capitec Pay;PayFast;Payflex;Bank Deposit;Mobicred;Zapper;Stitch;PayJustNow,Thu Sep 10 2026 02:00:00 GMT+0200 (South Africa Standard Time),info@cctv-direct.co.za
shimstock.co.za,Shim Stock Supplier,ZA,Edenvale,Business & Industrial,20674.37,ZAR,false,PayFast;Bank Deposit;Mobicred;Zapper;Payflex;Instant EFT,Wed Sep 09 2026 02:00:00 GMT+0200 (South Africa Standard Time),sales@shimstock.co.za
apsley.co.za,The Apsley Group,ZA,,Apparel,20248.56,,false,PayFast;Instant EFT;Bank Deposit,Sat Sep 12 2026 02:00:00 GMT+0200 (South Africa Standard Time),info@apsleygroup.co.za
saknives.co.za,SA Knives,ZA,Centurion,Home & Garden,12864.85,ZAR,false,PayFast,Sat Sep 12 2026 02:00:00 GMT+0200 (South Africa Standard Time),saknivessa@gmail.com
sohcollections.co.za,SOH Collections,ZA,Durban,Home & Garden,8516.17,ZAR,false,PayFast;PayJustNow;Peach Payments;Paystack,Fri Sep 11 2026 02:00:00 GMT+0200 (South Africa Standard Time),info@sohcollections.com
nuhr.co.za,nuhr.co.za,ZA,Centurion,Beauty & Fitness:,4348.68,ZAR,false,PayFast,Fri Sep 11 2026 02:00:00 GMT+0200 (South Africa Standard Time),info@nuhr.co.za
frqncy.co.za,FRQNCY – FRQNCY,ZA,Johannesburg,Apparel,4058.77,ZAR,false,,Sun Sep 06 2026 02:00:00 GMT+0200 (South Africa Standard Time),frqncysa@gmail.com
hrhza.co.za,Hair Royal Highnessza,ZA,Johannesburg,Beauty & Fitness,3478.94,ZAR,false,PayJustNow;PayFast;OPay,Mon Sep 07 2026 02:00:00 GMT+0200 (South Africa Standard Time),
mysausagesaloon.co.za,My Sausage Saloon,ZA,Edenvale,Gifts & Special Events,1739.47,ZAR,false,PayFast,Fri Sep 11 2026 02:00:00 GMT+0200 (South Africa Standard Time),
onpointbyt.co.za,On Point by T,ZA,Johannesburg,Apparel,869.73,ZAR,false,,Wed Sep 09 2026 02:00:00 GMT+0200 (South Africa Standard Time),
coloncare.shop,Colon Care,ZA,Durban North,Health,500,ZAR,false,Payflex;PayFast,Fri Sep 11 2026 02:00:00 GMT+0200 (South Africa Standard Time),hello@coloncare.shop
lerichenaturals.co.za,www.lerichenaturals.co.za,ZA,Cape Town,Beauty & Fitness,500,ZAR,false,PayFast,Wed Sep 09 2026 02:00:00 GMT+0200 (South Africa Standard Time),admin@lerichenaturals.co.za
sledgers.co.za,www.sledgers.co.za,ZA,Vereeniging,Apparel,500,ZAR,false,,Fri Sep 11 2026 02:00:00 GMT+0200 (South Africa Standard Time),info@sledgers.com
usedcarparts.co.za,UsedCarParts.co.za,ZA,Cape Town,Autos & Vehicles,500,ZAR,false,Peach Payments,Mon Sep 07 2026 02:00:00 GMT+0200 (South Africa Standard Time),sales@usedcarparts.co.za
1984brand.co.za,1984 Deluxe Brand,ZA,Sandton,Apparel,50,ZAR,false,PayFast;Payflex,Fri Sep 11 2026 02:00:00 GMT+0200 (South Africa Standard Time),
andibeauty.co.za,Andi Beauty,ZA,Pretoria,Beauty & Fitness,50,ZAR,false,PayFast,Tue Sep 08 2026 02:00:00 GMT+0200 (South Africa Standard Time),info@andibeauty.co.za
account.argaiters.co.za,account.argaiters.co.za,ZA,,,,,false,,Sat Sep 12 2026 02:00:00 GMT+0200 (South Africa Standard Time),
homeoptions.co.za,homeoptions.co.za,ZA,,Home & Garden,,,false,,Sat Sep 12 2026 02:00:00 GMT+0200 (South Africa Standard Time),
swissmin.co.za,swissmin.co.za,ZA,,Home & Garden,,,false,,Sat Sep 12 2026 02:00:00 GMT+0200 (South Africa Standard Time),
jobs.goshoppy.co.za,jobs.goshoppy.co.za,ZA,,,,,false,,Sat Sep 12 2026 02:00:00 GMT+0200 (South Africa Standard Time),
checkout.koreanskinlab.co.za,checkout.koreanskinlab.co.za,ZA,,,,,false,,Sat Sep 12 2026 02:00:00 GMT+0200 (South Africa Standard Time),
typecbattery.co.za,typecbattery.co.za,ZA,,Electronics,,,false,,Sat Sep 12 2026 02:00:00 GMT+0200 (South Africa Standard Time),enquiries@enerc.co.za
www.royalpetshop.co.za,www.royalpetshop.co.za,ZA,,,,,false,,Sat Sep 12 2026 02:00:00 GMT+0200 (South Africa Standard Time),
edenfall.co.za,edenfall.co.za,ZA,,Apparel,,,false,,Sat Sep 12 2026 02:00:00 GMT+0200 (South Africa Standard Time),edenfall.info@gmail.com
account.thecigarvault.co.za,account.thecigarvault.co.za,ZA,,,,,false,,Sat Sep 12 2026 02:00:00 GMT+0200 (South Africa Standard Time),
www.goldensandsperfumery.co.za,www.goldensandsperfumery.co.za,ZA,,Beauty & Fitness,,,false,,Sat Sep 12 2026 02:00:00 GMT+0200 (South Africa Standard Time),goldensandsperfumery@gmail.com
re-awaken.co.za,re-awaken.co.za,ZA,,,,,false,,Sat Sep 12 2026 02:00:00 GMT+0200 (South Africa Standard Time),
thetechnest.co.za,thetechnest.co.za,ZA,,Electronics,,,false,,Sat Sep 12 2026 02:00:00 GMT+0200 (South Africa Standard Time),
www.getitdirect.co.za,www.getitdirect.co.za,ZA,,Jewellery & Accessories,,,false,,Sat Sep 12 2026 02:00:00 GMT+0200 (South Africa Standard Time),
cleandriveco.co.za,cleandriveco.co.za,ZA,,Automotive,,,false,,Sat Sep 12 2026 02:00:00 GMT+0200 (South Africa Standard Time),
account.designperfection.co.ke,account.designperfection.co.ke,KE,,,,,false,,Sat Sep 12 2026 02:00:00 GMT+0200 (South Africa Standard Time),
www.bleeze.co.za,www.bleeze.co.za,ZA,,Other,,,false,,Sat Sep 12 2026 02:00:00 GMT+0200 (South Africa Standard Time),
account.bleeze.co.za,account.bleeze.co.za,ZA,,,,,false,,Sat Sep 12 2026 02:00:00 GMT+0200 (South Africa Standard Time),
checkout.litsy.co.za,checkout.litsy.co.za,ZA,,Beauty & Fitness,,,false,,Sat Sep 12 2026 02:00:00 GMT+0200 (South Africa Standard Time),
wattnext.co.za,wattnext.co.za,ZA,,,,,false,,Sat Sep 12 2026 02:00:00 GMT+0200 (South Africa Standard Time),
account.bonvie.co.za,account.bonvie.co.za,ZA,,,,,false,,Sat Sep 12 2026 02:00:00 GMT+0200 (South Africa Standard Time),
women.goshoppy.co.za,women.goshoppy.co.za,ZA,,,,,false,,Sat Sep 12 2026 02:00:00 GMT+0200 (South Africa Standard Time),
www.amoraebeauty.co.za,www.amoraebeauty.co.za,ZA,,,,,false,,Sat Sep 12 2026 02:00:00 GMT+0200 (South Africa Standard Time),
www.anchoredhope.co.za,www.anchoredhope.co.za,ZA,,Baby & Kids,,,false,,Sat Sep 12 2026 02:00:00 GMT+0200 (South Africa Standard Time),
justsox.co.za,justsox.co.za,ZA,,,,,false,,Sat Sep 12 2026 02:00:00 GMT+0200 (South Africa Standard Time),
226ers.co.za,226ers.co.za,ZA,,Sports,,,false,,Sat Sep 12 2026 02:00:00 GMT+0200 (South Africa Standard Time),
www.brightskyonlineshop.co.za,www.brightskyonlineshop.co.za,ZA,,Home & Garden,,,false,,Sat Sep 12 2026 02:00:00 GMT+0200 (South Africa Standard Time),
styleupp.co.za,styleupp.co.za,ZA,,Jewellery & Accessories,,,false,,Sat Sep 12 2026 02:00:00 GMT+0200 (South Africa Standard Time),kandhpty@gmail.com
www.emergingtotssa.co.za,www.emergingtotssa.co.za,ZA,,Baby & Kids,,,false,,Sat Sep 12 2026 02:00:00 GMT+0200 (South Africa Standard Time),
www.belleplum.co.za,www.belleplum.co.za,ZA,,Beauty & Fitness,,,false,,Sat Sep 12 2026 02:00:00 GMT+0200 (South Africa Standard Time),
alldaydrip.co.za,alldaydrip.co.za,ZA,,,,,false,,Sat Sep 12 2026 02:00:00 GMT+0200 (South Africa Standard Time),
www.alldaydrip.co.za,www.alldaydrip.co.za,ZA,,,,,false,,Sat Sep 12 2026 02:00:00 GMT+0200 (South Africa Standard Time),
veloracollective.co.za,veloracollective.co.za,ZA,,Jewellery & Accessories,,,false,,Sat Sep 12 2026 02:00:00 GMT+0200 (South Africa Standard Time),
account.getitdirect.co.za,account.getitdirect.co.za,ZA,,,,,false,,Sat Sep 12 2026 02:00:00 GMT+0200 (South Africa Standard Time),
www.myplonk.co.za,www.myplonk.co.za,ZA,,,,,false,,Sat Sep 12 2026 02:00:00 GMT+0200 (South Africa Standard Time),
aristyles.co.ke,aristyles.co.ke,KE,,,,,false,,Sat Sep 12 2026 02:00:00 GMT+0200 (South Africa Standard Time),
sloaneavenue.co.za,sloaneavenue.co.za,ZA,,,,,false,,Sat Sep 12 2026 02:00:00 GMT+0200 (South Africa Standard Time),
nucha.co.za,nucha.co.za,ZA,,,,,false,,Sat Sep 12 2026 02:00:00 GMT+0200 (South Africa Standard Time),
shop.auto-ecu.co.za,shop.auto-ecu.co.za,ZA,,,,,false,,Sat Sep 12 2026 02:00:00 GMT+0200 (South Africa Standard Time),
www.baejoragroup.co.za,www.baejoragroup.co.za,ZA,,,,,false,,Sat Sep 12 2026 02:00:00 GMT+0200 (South Africa Standard Time),
themorningshufflesa.co.za,themorningshufflesa.co.za,ZA,,,,,false,,Sat Sep 12 2026 02:00:00 GMT+0200 (South Africa Standard Time),
account.kumoco.co.za,account.kumoco.co.za,ZA,,,,,false,,Sat Sep 12 2026 02:00:00 GMT+0200 (South Africa Standard Time),
buyfast.co.za,buyfast.co.za,ZA,,,,,false,,Sat Sep 12 2026 02:00:00 GMT+0200 (South Africa Standard Time),
www.retailgear.co.za,www.retailgear.co.za,ZA,,,,,false,,Sat Sep 12 2026 02:00:00 GMT+0200 (South Africa Standard Time),
stylecartsa.co.za,stylecartsa.co.za,ZA,,,,,false,,Sat Sep 12 2026 02:00:00 GMT+0200 (South Africa Standard Time),
www.nucha.co.za,www.nucha.co.za,ZA,,,,,false,,Sat Sep 12 2026 02:00:00 GMT+0200 (South Africa Standard Time),
babyverse.co.za,babyverse.co.za,ZA,,,,,false,,Sat Sep 12 2026 02:00:00 GMT+0200 (South Africa Standard Time),
kitvault.co.za,kitvault.co.za,ZA,,,,,false,,Sat Sep 12 2026 02:00:00 GMT+0200 (South Africa Standard Time),
www.madisawear.co.za,www.madisawear.co.za,ZA,,,,,false,,Sat Sep 12 2026 02:00:00 GMT+0200 (South Africa Standard Time),
www.meilora.co.za,www.meilora.co.za,ZA,,,,,false,,Sat Sep 12 2026 02:00:00 GMT+0200 (South Africa Standard Time),
apssonline.co.za,apssonline.co.za,ZA,,,,,false,,Sat Sep 12 2026 02:00:00 GMT+0200 (South Africa Standard Time),
account.veloracollective.co.za,account.veloracollective.co.za,ZA,,,,,false,,Sat Sep 12 2026 02:00:00 GMT+0200 (South Africa Standard Time),
vaporheaven.co.za,vaporheaven.co.za,ZA,,,,,false,,Sat Sep 12 2026 02:00:00 GMT+0200 (South Africa Standard Time),
bovivet.co.za,bovivet.co.za,ZA,,,,,false,,Sat Sep 12 2026 02:00:00 GMT+0200 (South Africa Standard Time),
www.unshakenclothing.co.za,www.unshakenclothing.co.za,ZA,,,,,false,,Sat Sep 12 2026 02:00:00 GMT+0200 (South Africa Standard Time),
chinapreordercircle.com.ng,chinapreordercircle.com.ng,NG,,,,,false,,Sat Sep 12 2026 02:00:00 GMT+0200 (South Africa Standard Time),
www.theauroragroup.co.za,www.theauroragroup.co.za,ZA,,,,,false,,Sat Sep 12 2026 02:00:00 GMT+0200 (South Africa Standard Time),
waistwonders.co.za,waistwonders.co.za,ZA,,,,,false,,Sat Sep 12 2026 02:00:00 GMT+0200 (South Africa Standard Time),
huguette.co.za,huguette.co.za,ZA,,,,,false,,Sat Sep 12 2026 02:00:00 GMT+0200 (South Africa Standard Time),
thebeautybarn.co.za,thebeautybarn.co.za,ZA,,,,,false,,Sat Sep 12 2026 02:00:00 GMT+0200 (South Africa Standard Time),
www.boschrsa.co.za,www.boschrsa.co.za,ZA,,,,,false,,Sat Sep 12 2026 02:00:00 GMT+0200 (South Africa Standard Time),
www.babybumpup.co.za,www.babybumpup.co.za,ZA,,,,,false,,Sat Sep 12 2026 02:00:00 GMT+0200 (South Africa Standard Time),
lasorah.co.za,lasorah.co.za,ZA,,,,,false,,Sat Sep 12 2026 02:00:00 GMT+0200 (South Africa Standard Time),
account.xtremexccessories.co.za,account.xtremexccessories.co.za,ZA,,,,,false,,Sat Sep 12 2026 02:00:00 GMT+0200 (South Africa Standard Time),
lumari.shop,lumari.shop,ZA,,,,,false,,Sat Sep 12 2026 02:00:00 GMT+0200 (South Africa Standard Time),
www.velourahaircare.co.za,www.velourahaircare.co.za,ZA,,,,,false,,Sat Sep 12 2026 02:00:00 GMT+0200 (South Africa Standard Time),
www.swyftshine.co.za,www.swyftshine.co.za,ZA,,,,,false,,Sat Sep 12 2026 02:00:00 GMT+0200 (South Africa Standard Time),
strenterr.co.za,strenterr.co.za,ZA,,,,,false,,Sat Sep 12 2026 02:00:00 GMT+0200 (South Africa Standard Time),
www.ucesa.co.za,www.ucesa.co.za,ZA,,,,,false,,Sat Sep 12 2026 02:00:00 GMT+0200 (South Africa Standard Time),
www.veloracollective.co.za,www.veloracollective.co.za,ZA,,,,,false,,Sat Sep 12 2026 02:00:00 GMT+0200 (South Africa Standard Time),
heels2heaven.co.za,heels2heaven.co.za,ZA,,,,,false,,Sat Sep 12 2026 02:00:00 GMT+0200 (South Africa Standard Time),
havenlyhome.co.za,havenlyhome.co.za,ZA,,,,,false,,Sat Sep 12 2026 02:00:00 GMT+0200 (South Africa Standard Time),
cloudneststore.co.za,cloudneststore.co.za,ZA,,,,,false,,Sat Sep 12 2026 02:00:00 GMT+0200 (South Africa Standard Time),
account.pixalot.co.za,account.pixalot.co.za,ZA,,,,,false,,Sat Sep 12 2026 02:00:00 GMT+0200 (South Africa Standard Time),
printedparts.co.za,printedparts.co.za,ZA,,,,,false,,Sat Sep 12 2026 02:00:00 GMT+0200 (South Africa Standard Time),
account.displaycompany.co.za,account.displaycompany.co.za,ZA,,,,,false,,Sat Sep 12 2026 02:00:00 GMT+0200 (South Africa Standard Time),
tshehlaempire.co.za,tshehlaempire.co.za,ZA,,,,,false,,Sat Sep 12 2026 02:00:00 GMT+0200 (South Africa Standard Time),
www.kumoco.co.za,www.kumoco.co.za,ZA,,,,,false,,Sat Sep 12 2026 02:00:00 GMT+0200 (South Africa Standard Time),
ladiessuits.goshoppy.co.za,ladiessuits.goshoppy.co.za,ZA,,,,,false,,Sat Sep 12 2026 02:00:00 GMT+0200 (South Africa Standard Time),
avenira.co.za,avenira.co.za,ZA,,,,,false,,Sat Sep 12 2026 02:00:00 GMT+0200 (South Africa Standard Time),
nutriblitz.co.za,nutriblitz.co.za,ZA,,,,,false,,Sat Sep 12 2026 02:00:00 GMT+0200 (South Africa Standard Time),
www.strenterr.co.za,www.strenterr.co.za,ZA,,,,,false,,Sat Sep 12 2026 02:00:00 GMT+0200 (South Africa Standard Time),
bygeorge.co.za,bygeorge.co.za,ZA,,,,,false,,Sat Sep 12 2026 02:00:00 GMT+0200 (South Africa Standard Time),
thepetbasket.co.za,thepetbasket.co.za,ZA,,,,,false,,Sat Sep 12 2026 02:00:00 GMT+0200 (South Africa Standard Time),
www.girl-z.co.za,www.girl-z.co.za,ZA,,,,,false,,Sat Sep 12 2026 02:00:00 GMT+0200 (South Africa Standard Time),
www.dashlink.co.za,www.dashlink.co.za,ZA,,,,,false,,Sat Sep 12 2026 02:00:00 GMT+0200 (South Africa Standard Time),
ecgspares.store,ecgspares.store,ZA,,,,,false,,Sat Sep 12 2026 02:00:00 GMT+0200 (South Africa Standard Time),
rebelzcollectibles.co.za,rebelzcollectibles.co.za,ZA,,,,,false,,Sat Sep 12 2026 02:00:00 GMT+0200 (South Africa Standard Time),
cpcalendars.scentory.co.za,cpcalendars.scentory.co.za,ZA,,,,,false,,Sat Sep 12 2026 02:00:00 GMT+0200 (South Africa Standard Time),
mail.scentory.co.za,mail.scentory.co.za,ZA,,,,,false,,Sat Sep 12 2026 02:00:00 GMT+0200 (South Africa Standard Time),
scentory.co.za,scentory.co.za,ZA,,,,,false,,Sat Sep 12 2026 02:00:00 GMT+0200 (South Africa Standard Time),
webmail.scentory.co.za,webmail.scentory.co.za,ZA,,,,,false,,Sat Sep 12 2026 02:00:00 GMT+0200 (South Africa Standard Time),
siwaoasiswellness.store,siwaoasiswellness.store,ZA,,,,,false,,Sat Sep 12 2026 02:00:00 GMT+0200 (South Africa Standard Time),
www.flowerss.co.za,www.flowerss.co.za,ZA,,,,,false,,Sat Sep 12 2026 02:00:00 GMT+0200 (South Africa Standard Time),
www.mielie-stronk.co.za,www.mielie-stronk.co.za,ZA,,,,,false,,Sat Sep 12 2026 02:00:00 GMT+0200 (South Africa Standard Time),
bluelemonspree.co.za,bluelemonspree.co.za,ZA,,,,,false,,Sat Sep 12 2026 02:00:00 GMT+0200 (South Africa Standard Time),
www.mixherbeauty.co.za,www.mixherbeauty.co.za,ZA,,,,,false,,Sat Sep 12 2026 02:00:00 GMT+0200 (South Africa Standard Time),
theorezone.co.za,theorezone.co.za,ZA,,,,,false,,Sat Sep 12 2026 02:00:00 GMT+0200 (South Africa Standard Time),
www.tefftribe.co.za,www.tefftribe.co.za,ZA,,,,,false,,Sat Sep 12 2026 02:00:00 GMT+0200 (South Africa Standard Time),
smegafrica.co.za,smegafrica.co.za,ZA,,,,,false,,Sat Sep 12 2026 02:00:00 GMT+0200 (South Africa Standard Time),
www.swiftcartlifestyle.co.za,www.swiftcartlifestyle.co.za,ZA,,,,,false,,Sat Sep 12 2026 02:00:00 GMT+0200 (South Africa Standard Time),
www.uniskullc.co.za,www.uniskullc.co.za,ZA,,,,,false,,Sat Sep 12 2026 02:00:00 GMT+0200 (South Africa Standard Time),
royalgifts.co.za,royalgifts.co.za,ZA,,,,,false,,Sat Sep 12 2026 02:00:00 GMT+0200 (South Africa Standard Time),
www.uncaved.co.za,www.uncaved.co.za,ZA,,,,,false,,Sat Sep 12 2026 02:00:00 GMT+0200 (South Africa Standard Time),
www.reliefpulse.co.za,www.reliefpulse.co.za,ZA,,,,,false,,Sat Sep 12 2026 02:00:00 GMT+0200 (South Africa Standard Time),
account.makoyajewellery.co.za,account.makoyajewellery.co.za,ZA,,,,,false,,Sat Sep 12 2026 02:00:00 GMT+0200 (South Africa Standard Time),
lazies.co.za.lazies.co.za,lazies.co.za.lazies.co.za,ZA,,,,,false,,Sat Sep 12 2026 02:00:00 GMT+0200 (South Africa Standard Time),
closet-reboot.co.za,closet-reboot.co.za,ZA,,,,,false,,Sat Sep 12 2026 02:00:00 GMT+0200 (South Africa Standard Time),
uniskullc.co.za,uniskullc.co.za,ZA,,,,,false,,Sat Sep 12 2026 02:00:00 GMT+0200 (South Africa Standard Time),
youblossomstore.co.za,youblossomstore.co.za,ZA,,,,,false,,Sat Sep 12 2026 02:00:00 GMT+0200 (South Africa Standard Time),
sleeveuptcg.co.za,sleeveuptcg.co.za,ZA,,,,,false,,Sat Sep 12 2026 02:00:00 GMT+0200 (South Africa Standard Time),
gigglesandcuddles.store,gigglesandcuddles.store,ZA,,,,,false,,Sat Sep 12 2026 02:00:00 GMT+0200 (South Africa Standard Time),
www.oneloveculture.co.za,www.oneloveculture.co.za,ZA,,,,,false,,Sat Sep 12 2026 02:00:00 GMT+0200 (South Africa Standard Time),
account.captainclothing.co.za,account.captainclothing.co.za,ZA,,,,,false,,Sat Sep 12 2026 02:00:00 GMT+0200 (South Africa Standard Time),
www.luxehomme.co.za,www.luxehomme.co.za,ZA,,,,,false,,Sat Sep 12 2026 02:00:00 GMT+0200 (South Africa Standard Time),
www.peptidesgalore.co.za,www.peptidesgalore.co.za,ZA,,,,,false,,Sat Sep 12 2026 02:00:00 GMT+0200 (South Africa Standard Time),
royalpadelclothing.co.za,royalpadelclothing.co.za,ZA,,,,,false,,Sat Sep 12 2026 02:00:00 GMT+0200 (South Africa Standard Time),
kickconnect.co.za,kickconnect.co.za,ZA,,,,,false,,Sat Sep 12 2026 02:00:00 GMT+0200 (South Africa Standard Time),
www.salamawigs.co.ke,www.salamawigs.co.ke,KE,,,,,false,,Sat Sep 12 2026 02:00:00 GMT+0200 (South Africa Standard Time),
jrkknives.co.za,jrkknives.co.za,ZA,,,,,false,,Sat Sep 12 2026 02:00:00 GMT+0200 (South Africa Standard Time),
account.pawtheory.co.za,account.pawtheory.co.za,ZA,,,,,false,,Sat Sep 12 2026 02:00:00 GMT+0200 (South Africa Standard Time),
www.pawtheory.co.za,www.pawtheory.co.za,ZA,,,,,false,,Sat Sep 12 2026 02:00:00 GMT+0200 (South Africa Standard Time),
www.kerne.co.za,www.kerne.co.za,ZA,,,,,false,,Sat Sep 12 2026 02:00:00 GMT+0200 (South Africa Standard Time),
www.heavenlyfragrances.co.za,www.heavenlyfragrances.co.za,ZA,,,,,false,,Sat Sep 12 2026 02:00:00 GMT+0200 (South Africa Standard Time),
shop.glautierdetail.co.za,shop.glautierdetail.co.za,ZA,,,,,false,,Sat Sep 12 2026 02:00:00 GMT+0200 (South Africa Standard Time),
www.oldschoolpta.co.za,www.oldschoolpta.co.za,ZA,,,,,false,,Sat Sep 12 2026 02:00:00 GMT+0200 (South Africa Standard Time),
www.tiny-snuggles.co.za,www.tiny-snuggles.co.za,ZA,,,,,false,,Sat Sep 12 2026 02:00:00 GMT+0200 (South Africa Standard Time),
www.premtech.co.za,www.premtech.co.za,ZA,,,,,false,,Sat Sep 12 2026 02:00:00 GMT+0200 (South Africa Standard Time),
www.silkworm.co.za,www.silkworm.co.za,ZA,,,,,false,,Sat Sep 12 2026 02:00:00 GMT+0200 (South Africa Standard Time),
trend-wins.co.za,trend-wins.co.za,ZA,,,,,false,,Sat Sep 12 2026 02:00:00 GMT+0200 (South Africa Standard Time),
viljoendigitalstudio.co.za,viljoendigitalstudio.co.za,ZA,,,,,false,,Sat Sep 12 2026 02:00:00 GMT+0200 (South Africa Standard Time),
www.royalgifts.co.za,www.royalgifts.co.za,ZA,,,,,false,,Sat Sep 12 2026 02:00:00 GMT+0200 (South Africa Standard Time),
www.checkoutballanonco.co.za,www.checkoutballanonco.co.za,ZA,,,,,false,,Sat Sep 12 2026 02:00:00 GMT+0200 (South Africa Standard Time),
www.kitchencrafts.co.za,www.kitchencrafts.co.za,ZA,,,,,false,,Sat Sep 12 2026 02:00:00 GMT+0200 (South Africa Standard Time),
www.dakotaswesterntack.co.za,www.dakotaswesterntack.co.za,ZA,,,,,false,,Sat Sep 12 2026 02:00:00 GMT+0200 (South Africa Standard Time),
www.menohubsa.co.za,www.menohubsa.co.za,ZA,,,,,false,,Sat Sep 12 2026 02:00:00 GMT+0200 (South Africa Standard Time),
menohubsa.co.za,menohubsa.co.za,ZA,,,,,false,,Sat Sep 12 2026 02:00:00 GMT+0200 (South Africa Standard Time),
www.solidprints.co.za,www.solidprints.co.za,ZA,,,,,false,,Sat Sep 12 2026 02:00:00 GMT+0200 (South Africa Standard Time),
account.kitchencrafts.co.za,account.kitchencrafts.co.za,ZA,,,,,false,,Sat Sep 12 2026 02:00:00 GMT+0200 (South Africa Standard Time),
www.streetconvo.co.za,www.streetconvo.co.za,ZA,,,,,false,,Sat Sep 12 2026 02:00:00 GMT+0200 (South Africa Standard Time),
account.dermalight360.co.za,account.dermalight360.co.za,ZA,,,,,false,,Sat Sep 12 2026 02:00:00 GMT+0200 (South Africa Standard Time),
phara.co.za,phara.co.za,ZA,,,,,false,,Sat Sep 12 2026 02:00:00 GMT+0200 (South Africa Standard Time),
www.fantacy.co.za,www.fantacy.co.za,ZA,,,,,false,,Sat Sep 12 2026 02:00:00 GMT+0200 (South Africa Standard Time),
eyeyandahair.co.za,eyeyandahair.co.za,ZA,,,,,false,,Sat Sep 12 2026 02:00:00 GMT+0200 (South Africa Standard Time),
thehairstylingco.co.za,thehairstylingco.co.za,ZA,,,,,false,,Sat Sep 12 2026 02:00:00 GMT+0200 (South Africa Standard Time),
morwellness.co.za,morwellness.co.za,ZA,,,,,false,,Sat Sep 12 2026 02:00:00 GMT+0200 (South Africa Standard Time),
account.niimbotonline.co.za,account.niimbotonline.co.za,ZA,,,,,false,,Sat Sep 12 2026 02:00:00 GMT+0200 (South Africa Standard Time),
strictlybusinesscpt.co.za,strictlybusinesscpt.co.za,ZA,,,,,false,,Sat Sep 12 2026 02:00:00 GMT+0200 (South Africa Standard Time),
anchoredhope.co.za,anchoredhope.co.za,ZA,,,,,false,,Sat Sep 12 2026 02:00:00 GMT+0200 (South Africa Standard Time),
account.buyzania.co.za,account.buyzania.co.za,ZA,,,,,false,,Sat Sep 12 2026 02:00:00 GMT+0200 (South Africa Standard Time),
homesmartkenya.store,homesmartkenya.store,KE,,,,,false,,Sat Sep 12 2026 02:00:00 GMT+0200 (South Africa Standard Time),
tiny-snuggles.co.za,tiny-snuggles.co.za,ZA,,,,,false,,Sat Sep 12 2026 02:00:00 GMT+0200 (South Africa Standard Time),
account.rivetsonline.co.za,account.rivetsonline.co.za,ZA,,,,,false,,Sat Sep 12 2026 02:00:00 GMT+0200 (South Africa Standard Time),
www.cottoncloset.co.za,www.cottoncloset.co.za,ZA,,,,,false,,Sat Sep 12 2026 02:00:00 GMT+0200 (South Africa Standard Time),
www.plantnurseryonline.co.za,www.plantnurseryonline.co.za,ZA,,,,,false,,Sat Sep 12 2026 02:00:00 GMT+0200 (South Africa Standard Time),
gymspark.co.za,gymspark.co.za,ZA,,,,,false,,Sat Sep 12 2026 02:00:00 GMT+0200 (South Africa Standard Time),
www.tinytalkers.co.za,www.tinytalkers.co.za,ZA,,,,,false,,Sat Sep 12 2026 02:00:00 GMT+0200 (South Africa Standard Time),
account.girl-z.co.za,account.girl-z.co.za,ZA,,,,,false,,Sat Sep 12 2026 02:00:00 GMT+0200 (South Africa Standard Time),
www.lourocollective.co.za,www.lourocollective.co.za,ZA,,,,,false,,Sat Sep 12 2026 02:00:00 GMT+0200 (South Africa Standard Time),
001fragrance.co.za,001fragrance.co.za,ZA,,,,,false,,Sat Sep 12 2026 02:00:00 GMT+0200 (South Africa Standard Time),
autoconfig.boktobok.co.za,autoconfig.boktobok.co.za,ZA,,,,,false,,Sat Sep 12 2026 02:00:00 GMT+0200 (South Africa Standard Time),
benguelacove.co.za,benguelacove.co.za,ZA,,,,,false,,Sat Sep 12 2026 02:00:00 GMT+0200 (South Africa Standard Time),
www.harliandharpa.co.za,www.harliandharpa.co.za,ZA,,,,,false,,Sat Sep 12 2026 02:00:00 GMT+0200 (South Africa Standard Time),
topgold.co.za,topgold.co.za,ZA,,,,,false,,Sat Sep 12 2026 02:00:00 GMT+0200 (South Africa Standard Time),
www.chummywummy.co.za,www.chummywummy.co.za,ZA,,,,,false,,Sat Sep 12 2026 02:00:00 GMT+0200 (South Africa Standard Time),
www.captainclothing.co.za,www.captainclothing.co.za,ZA,,,,,false,,Sat Sep 12 2026 02:00:00 GMT+0200 (South Africa Standard Time),
relovedbym.co.za,relovedbym.co.za,ZA,,,,,false,,Sat Sep 12 2026 02:00:00 GMT+0200 (South Africa Standard Time),
www.scrubigolf.co.za,www.scrubigolf.co.za,ZA,,,,,false,,Sat Sep 12 2026 02:00:00 GMT+0200 (South Africa Standard Time),
babycityshop.co.za,babycityshop.co.za,ZA,,,,,false,,Sat Sep 12 2026 02:00:00 GMT+0200 (South Africa Standard Time),
account.sierrasatori.co.za,account.sierrasatori.co.za,ZA,,,,,false,,Sat Sep 12 2026 02:00:00 GMT+0200 (South Africa Standard Time),
www.bellaboolingerie.co.za,www.bellaboolingerie.co.za,ZA,,,,,false,,Sat Sep 12 2026 02:00:00 GMT+0200 (South Africa Standard Time),
berghsolutions.co.za,berghsolutions.co.za,ZA,,,,,false,,Sat Sep 12 2026 02:00:00 GMT+0200 (South Africa Standard Time),
electronalley.co.za,electronalley.co.za,ZA,,,,,false,,Sat Sep 12 2026 02:00:00 GMT+0200 (South Africa Standard Time),
puretallow.co.za,puretallow.co.za,ZA,,,,,false,,Sat Sep 12 2026 02:00:00 GMT+0200 (South Africa Standard Time),
wellnesslifestyle.co.za,,ZA,,Home & Garden,,,false,PayFast,Fri Sep 11 2026 02:00:00 GMT+0200 (South Africa Standard Time),info@jtcenterprises.co.za
artelierbyanum.co.za,,ZA,,Toys & Games,,,false,PayFast;PayPal,Fri Sep 11 2026 02:00:00 GMT+0200 (South Africa Standard Time),artelierbyanum@gmail.com
www.namloom.co.za,www.namloom.co.za,ZA,,Travel & Outdoor,,,false,,Fri Sep 11 2026 02:00:00 GMT+0200 (South Africa Standard Time),ecom-swiper@11.css
account.cleandriveco.co.za,account.cleandriveco.co.za,ZA,,,,,false,,Fri Sep 11 2026 02:00:00 GMT+0200 (South Africa Standard Time),
www.playoverpixel.co.za,www.playoverpixel.co.za,ZA,,Arts & Entertainment,,,false,,Fri Sep 11 2026 02:00:00 GMT+0200 (South Africa Standard Time),
www.barkbubbles.co.za,www.barkbubbles.co.za,ZA,,Pets,,,false,,Fri Sep 11 2026 02:00:00 GMT+0200 (South Africa Standard Time),
aquasports.co.za,,ZA,,Sports,,,false,Yoco,Fri Sep 11 2026 02:00:00 GMT+0200 (South Africa Standard Time),aquasportssa@gmail.com
littlelegacies.store,littlelegacies.store,ZA,,Baby & Kids,,,false,,Fri Sep 11 2026 02:00:00 GMT+0200 (South Africa Standard Time),legacies@fatelegacy.co.za
ayandahairstudio.co.za,ayandahairstudio.co.za,ZA,,,,,false,,Fri Sep 11 2026 02:00:00 GMT+0200 (South Africa Standard Time),
account.chinautoworks.co.za,account.chinautoworks.co.za,ZA,,,,,false,,Fri Sep 11 2026 02:00:00 GMT+0200 (South Africa Standard Time),
www.wisperwheave.co.za,www.wisperwheave.co.za,ZA,,,,,false,,Fri Sep 11 2026 02:00:00 GMT+0200 (South Africa Standard Time),
azuri-apparel.co.za,,ZA,,Apparel,,,false,Paystack,Fri Sep 11 2026 02:00:00 GMT+0200 (South Africa Standard Time),
www.worldpropadelshop.co.za,www.worldpropadelshop.co.za,ZA,,Sports,,,false,,Fri Sep 11 2026 02:00:00 GMT+0200 (South Africa Standard Time),
omniafitness.co.za,,ZA,,Sports,,,false,,Fri Sep 11 2026 02:00:00 GMT+0200 (South Africa Standard Time),
gullonthebay.co.za,,ZA,,Travel & Outdoor,,,false,Yoco,Fri Sep 11 2026 02:00:00 GMT+0200 (South Africa Standard Time),
sorseofwellness.co.za,,ZA,,Health,,,false,Yoco,Fri Sep 11 2026 02:00:00 GMT+0200 (South Africa Standard Time),
premtech.co.za,,ZA,,Electronics,,,false,Yoco,Fri Sep 11 2026 02:00:00 GMT+0200 (South Africa Standard Time),
saibotgoals.co.za,,ZA,,Toys & Games,,,false,PayFast,Fri Sep 11 2026 02:00:00 GMT+0200 (South Africa Standard Time),
smartphoneer.co.za,,ZA,,Electronics,,,false,PayJustNow;PayFast,Fri Sep 11 2026 02:00:00 GMT+0200 (South Africa Standard Time),info@smartphoneer.co.za
watercrewonline.co.za,,ZA,,Business & Industrial,,,false,,Fri Sep 11 2026 02:00:00 GMT+0200 (South Africa Standard Time),
intensedesign.co.za,,ZA,,Business & Industrial,,,false,,Fri Sep 11 2026 02:00:00 GMT+0200 (South Africa Standard Time),
fession.co.za,,ZA,,Beauty & Fitness,,,false,Yoco;PayFast;Payflex,Fri Sep 11 2026 02:00:00 GMT+0200 (South Africa Standard Time),example@gmail.com
gutsy.co.za,,ZA,,Beauty & Fitness,,,false,Yoco,Fri Sep 11 2026 02:00:00 GMT+0200 (South Africa Standard Time),
raats.co.za,,ZA,,Food & Drink,,,false,Stitch,Fri Sep 11 2026 02:00:00 GMT+0200 (South Africa Standard Time),office@raats.co.za
everfit.co.za,,ZA,,Beauty & Fitness,,,false,Yoco,Fri Sep 11 2026 02:00:00 GMT+0200 (South Africa Standard Time),everfitsupport@gmail.com
anstruza.co.za,,ZA,,Jewellery & Accessories,,,false,Payflex;PayPal;PayGate,Fri Sep 11 2026 02:00:00 GMT+0200 (South Africa Standard Time),sales@anstruza.co.za
kerne.co.za,,ZA,,Health,,,false,Paystack;PayFast,Fri Sep 11 2026 02:00:00 GMT+0200 (South Africa Standard Time),support@kerne.co.za
account.monn-contractor.co.za,account.monn-contractor.co.za,ZA,,,,,false,,Fri Sep 11 2026 02:00:00 GMT+0200 (South Africa Standard Time),
www.karishma.co.za,www.karishma.co.za,ZA,,,,,false,,Fri Sep 11 2026 02:00:00 GMT+0200 (South Africa Standard Time),
www.imprintandco.co.za,www.imprintandco.co.za,ZA,,Office,,,false,,Fri Sep 11 2026 02:00:00 GMT+0200 (South Africa Standard Time),
leelas.co.za,,ZA,,Apparel,,,false,Yoco,Fri Sep 11 2026 02:00:00 GMT+0200 (South Africa Standard Time),enquiries@leelas.co.za
www.shayhara.co.za,www.shayhara.co.za,ZA,,,,,false,,Fri Sep 11 2026 02:00:00 GMT+0200 (South Africa Standard Time),
optimalsupplements.co.za,optimalsupplements.co.za,ZA,,,,,false,,Fri Sep 11 2026 02:00:00 GMT+0200 (South Africa Standard Time),
www.homeoptions.co.za,www.homeoptions.co.za,ZA,,Home & Garden,,,false,,Fri Sep 11 2026 02:00:00 GMT+0200 (South Africa Standard Time),
injectapen.co.za,injectapen.co.za,ZA,,,,,false,,Fri Sep 11 2026 02:00:00 GMT+0200 (South Africa Standard Time),
gautengsound.co.za,gautengsound.co.za,ZA,,,,,false,,Fri Sep 11 2026 02:00:00 GMT+0200 (South Africa Standard Time),
herperiod.co.za,herperiod.co.za,ZA,,,,,false,,Fri Sep 11 2026 02:00:00 GMT+0200 (South Africa Standard Time),
karookrunch.co.za,karookrunch.co.za,ZA,,,,,false,,Fri Sep 11 2026 02:00:00 GMT+0200 (South Africa Standard Time),
chapteryou.co.za,chapteryou.co.za,ZA,,Books & Media,,,false,,Fri Sep 11 2026 02:00:00 GMT+0200 (South Africa Standard Time),
www.sandbox.signaturecosmetics.co.za,www.sandbox.signaturecosmetics.co.za,ZA,,,,,false,,Fri Sep 11 2026 02:00:00 GMT+0200 (South Africa Standard Time),
schubart.co.za,schubart.co.za,ZA,,Arts & Entertainment,,,false,,Fri Sep 11 2026 02:00:00 GMT+0200 (South Africa Standard Time),
ceedtrees.co.za,ceedtrees.co.za,ZA,,,,,false,,Fri Sep 11 2026 02:00:00 GMT+0200 (South Africa Standard Time),
southwesthaven.co.za,southwesthaven.co.za,ZA,,,,,false,,Fri Sep 11 2026 02:00:00 GMT+0200 (South Africa Standard Time),
www.chapteryou.co.za,www.chapteryou.co.za,ZA,,Books & Media,,,false,,Fri Sep 11 2026 02:00:00 GMT+0200 (South Africa Standard Time),
amor.ke,amor.ke,KE,,,,,false,,Fri Sep 11 2026 02:00:00 GMT+0200 (South Africa Standard Time),
blocoutdoor.co.za,blocoutdoor.co.za,ZA,,,,,false,,Fri Sep 11 2026 02:00:00 GMT+0200 (South Africa Standard Time),
poolcitylorraine.co.za,poolcitylorraine.co.za,ZA,,,,,false,,Fri Sep 11 2026 02:00:00 GMT+0200 (South Africa Standard Time),
tryvertilife.co.za,tryvertilife.co.za,ZA,,,,,false,,Fri Sep 11 2026 02:00:00 GMT+0200 (South Africa Standard Time),
www.getsunny.co.za,www.getsunny.co.za,ZA,,,,,false,,Fri Sep 11 2026 02:00:00 GMT+0200 (South Africa Standard Time),
moko.co.ke,,KE,,Home & Garden,,,false,,Fri Sep 11 2026 02:00:00 GMT+0200 (South Africa Standard Time),sales@moko.co.ke
synergyscents.co.ke,,KE,,Beauty & Fitness,,,false,Pesapal,Fri Sep 11 2026 02:00:00 GMT+0200 (South Africa Standard Time),synergyscentske@gmail.com
mifitness.co.za,,ZA,,Sports,,,false,Payflex;PayFast;Ozow,Fri Sep 11 2026 02:00:00 GMT+0200 (South Africa Standard Time),hello@mifitness.co.za
bafosupplements.co.za,,ZA,,Health,,,false,Stripe,Fri Sep 11 2026 02:00:00 GMT+0200 (South Africa Standard Time),support@bafosupplements.co.za
sneaktech.co.za,sneaktech.co.za,ZA,,,,,false,,Fri Sep 11 2026 02:00:00 GMT+0200 (South Africa Standard Time),
www.tshehlaempire.co.za,www.tshehlaempire.co.za,ZA,,,,,false,,Fri Sep 11 2026 02:00:00 GMT+0200 (South Africa Standard Time),
electricdrivesa.co.za,electricdrivesa.co.za,ZA,,,,,false,,Fri Sep 11 2026 02:00:00 GMT+0200 (South Africa Standard Time),
arabianfragrance.co.za,arabianfragrance.co.za,ZA,,,,,false,,Fri Sep 11 2026 02:00:00 GMT+0200 (South Africa Standard Time),
moneysecretssa.co.za,moneysecretssa.co.za,ZA,,Business & Industrial,,,false,,Fri Sep 11 2026 02:00:00 GMT+0200 (South Africa Standard Time),21rssolutions@gmail.com
account.atlasnutrition.co.za,account.atlasnutrition.co.za,ZA,,,,,false,,Fri Sep 11 2026 02:00:00 GMT+0200 (South Africa Standard Time),
kokee.co.za,kokee.co.za,ZA,,Health,,,false,,Fri Sep 11 2026 02:00:00 GMT+0200 (South Africa Standard Time),
midnightaesthetics.co.za,midnightaesthetics.co.za,ZA,,Beauty & Fitness,,,false,,Fri Sep 11 2026 02:00:00 GMT+0200 (South Africa Standard Time),
www.timetouch.co.ke,www.timetouch.co.ke,KE,,,,,false,,Fri Sep 11 2026 02:00:00 GMT+0200 (South Africa Standard Time),
houseofzabu.co.za,houseofzabu.co.za,ZA,,,,,false,,Fri Sep 11 2026 02:00:00 GMT+0200 (South Africa Standard Time),
www.bohobazaar.co.za,www.bohobazaar.co.za,ZA,,Jewellery & Accessories,,,false,,Fri Sep 11 2026 02:00:00 GMT+0200 (South Africa Standard Time),
account.strivex.co.za,account.strivex.co.za,ZA,,,,,false,,Fri Sep 11 2026 02:00:00 GMT+0200 (South Africa Standard Time),
serelleluxe.co.za,serelleluxe.co.za,ZA,,,,,false,,Fri Sep 11 2026 02:00:00 GMT+0200 (South Africa Standard Time),
www.confidence-beauty.co.za,www.confidence-beauty.co.za,ZA,,Beauty & Fitness,,,false,,Fri Sep 11 2026 02:00:00 GMT+0200 (South Africa Standard Time),email
www.championkicks.co.ke,www.championkicks.co.ke,KE,,,,,false,,Fri Sep 11 2026 02:00:00 GMT+0200 (South Africa Standard Time),
www.kainosfragrances.co.za,www.kainosfragrances.co.za,ZA,,Beauty & Fitness,,,false,,Fri Sep 11 2026 02:00:00 GMT+0200 (South Africa Standard Time),
www.360leisure.co.za,www.360leisure.co.za,ZA,,Toys & Games,,,false,,Fri Sep 11 2026 02:00:00 GMT+0200 (South Africa Standard Time),hello@360leisure.co.za
www.luviacloset.co.ke,www.luviacloset.co.ke,KE,,,,,false,,Fri Sep 11 2026 02:00:00 GMT+0200 (South Africa Standard Time),
www.ckbeautysupplies.co.za,www.ckbeautysupplies.co.za,ZA,,,,,false,,Fri Sep 11 2026 02:00:00 GMT+0200 (South Africa Standard Time),
snapvolt.co.za,snapvolt.co.za,ZA,,Electronics,,,false,Yoco,Fri Sep 11 2026 02:00:00 GMT+0200 (South Africa Standard Time),snapvolt4@gmail.com
www.feelrelief.co.za,www.feelrelief.co.za,ZA,,Health,,,false,,Fri Sep 11 2026 02:00:00 GMT+0200 (South Africa Standard Time),
www.mashedsoap.co.za,www.mashedsoap.co.za,ZA,,Beauty & Fitness,,,false,,Fri Sep 11 2026 02:00:00 GMT+0200 (South Africa Standard Time),
ww.gadgettrove.co.za,ww.gadgettrove.co.za,ZA,,,,,false,,Fri Sep 11 2026 02:00:00 GMT+0200 (South Africa Standard Time),
www.puracy.co.za,www.puracy.co.za,ZA,,Health,,,false,,Fri Sep 11 2026 02:00:00 GMT+0200 (South Africa Standard Time),info@puracy.co.za
www.fluffyfresh.co.za,www.fluffyfresh.co.za,ZA,,Pets,,,false,,Fri Sep 11 2026 02:00:00 GMT+0200 (South Africa Standard Time),info@fluffyfresh.co.za
account.lockblock.co.za,account.lockblock.co.za,ZA,,,,,false,,Fri Sep 11 2026 02:00:00 GMT+0200 (South Africa Standard Time),
truenorthtech.co.za,truenorthtech.co.za,ZA,,,,,false,,Fri Sep 11 2026 02:00:00 GMT+0200 (South Africa Standard Time),
account.annebeauty.co.za,account.annebeauty.co.za,ZA,,,,,false,,Fri Sep 11 2026 02:00:00 GMT+0200 (South Africa Standard Time),
www.babysentials.co.za,www.babysentials.co.za,ZA,,,,,false,,Fri Sep 11 2026 02:00:00 GMT+0200 (South Africa Standard Time),
www.culturedhooligans.co.za,www.culturedhooligans.co.za,ZA,,Arts & Entertainment,,,false,,Fri Sep 11 2026 02:00:00 GMT+0200 (South Africa Standard Time),
account.litsy.co.za,account.litsy.co.za,ZA,,,,,false,,Fri Sep 11 2026 02:00:00 GMT+0200 (South Africa Standard Time),
feelrelief.co.za,feelrelief.co.za,ZA,,Health,,,false,,Fri Sep 11 2026 02:00:00 GMT+0200 (South Africa Standard Time),
www.layla-mairi-beauty.co.za,www.layla-mairi-beauty.co.za,ZA,,Beauty & Fitness,,,false,,Fri Sep 11 2026 02:00:00 GMT+0200 (South Africa Standard Time),
account.getknead.co.za,account.getknead.co.za,ZA,,,,,false,,Fri Sep 11 2026 02:00:00 GMT+0200 (South Africa Standard Time),
account.alphacart.co.za,account.alphacart.co.za,ZA,,,,,false,,Fri Sep 11 2026 02:00:00 GMT+0200 (South Africa Standard Time),
xtremefishing.co.za,xtremefishing.co.za,ZA,,,,,false,,Fri Sep 11 2026 02:00:00 GMT+0200 (South Africa Standard Time),
makoyajewellery.co.za,makoyajewellery.co.za,ZA,,Jewellery & Accessories,,,false,,Fri Sep 11 2026 02:00:00 GMT+0200 (South Africa Standard Time),
blushandink.co.za,blushandink.co.za,ZA,,,,,false,,Fri Sep 11 2026 02:00:00 GMT+0200 (South Africa Standard Time),
www.thecigarvault.co.za,www.thecigarvault.co.za,ZA,,Food & Drink,,,false,,Fri Sep 11 2026 02:00:00 GMT+0200 (South Africa Standard Time),
www.wildheartjewellery.co.za,www.wildheartjewellery.co.za,ZA,,,,,false,,Fri Sep 11 2026 02:00:00 GMT+0200 (South Africa Standard Time),
inpc.co.za,inpc.co.za,ZA,,,,,false,,Fri Sep 11 2026 02:00:00 GMT+0200 (South Africa Standard Time),
www.annikemeyercapetown.co.za,www.annikemeyercapetown.co.za,ZA,,,,,false,,Fri Sep 11 2026 02:00:00 GMT+0200 (South Africa Standard Time),
www.lamcore.co.za,www.lamcore.co.za,ZA,,Other,,,false,,Fri Sep 11 2026 02:00:00 GMT+0200 (South Africa Standard Time),
lamcore.co.za,lamcore.co.za,ZA,,Business & Industrial,,,false,,Fri Sep 11 2026 02:00:00 GMT+0200 (South Africa Standard Time),
account.elarabeautyshop.co.za,account.elarabeautyshop.co.za,ZA,,,,,false,,Fri Sep 11 2026 02:00:00 GMT+0200 (South Africa Standard Time),
dakotaswesterntack.co.za,dakotaswesterntack.co.za,ZA,,,,,false,,Fri Sep 11 2026 02:00:00 GMT+0200 (South Africa Standard Time),
account.somna.ng,account.somna.ng,NG,,,,,false,,Fri Sep 11 2026 02:00:00 GMT+0200 (South Africa Standard Time),
account.dakotaswesterntack.co.za,account.dakotaswesterntack.co.za,ZA,,,,,false,,Fri Sep 11 2026 02:00:00 GMT+0200 (South Africa Standard Time),
account.oceansmile.co.za,account.oceansmile.co.za,ZA,,,,,false,,Fri Sep 11 2026 02:00:00 GMT+0200 (South Africa Standard Time),
wattshot.co.za,wattshot.co.za,ZA,,,,,false,,Fri Sep 11 2026 02:00:00 GMT+0200 (South Africa Standard Time),
stockshift.co.za,stockshift.co.za,ZA,,,,,false,,Fri Sep 11 2026 02:00:00 GMT+0200 (South Africa Standard Time),
nwansatilux.co.za,nwansatilux.co.za,ZA,,,,,false,,Fri Sep 11 2026 02:00:00 GMT+0200 (South Africa Standard Time),
www.viztacraft.co.za,www.viztacraft.co.za,ZA,,,,,false,,Fri Sep 11 2026 02:00:00 GMT+0200 (South Africa Standard Time),
easyrentalsgroup.co.za,easyrentalsgroup.co.za,ZA,,Home & Garden,,,false,,Fri Sep 11 2026 02:00:00 GMT+0200 (South Africa Standard Time),
tovcollective.co.za,tovcollective.co.za,ZA,,,,,false,,Fri Sep 11 2026 02:00:00 GMT+0200 (South Africa Standard Time),
velvana.co.za,velvana.co.za,ZA,,Other,,,false,,Fri Sep 11 2026 02:00:00 GMT+0200 (South Africa Standard Time),velvanaa@gmail.com
account.echostory.co.za,account.echostory.co.za,ZA,,,,,false,,Fri Sep 11 2026 02:00:00 GMT+0200 (South Africa Standard Time),
inkls.co.za,inkls.co.za,ZA,,,,,false,,Fri Sep 11 2026 02:00:00 GMT+0200 (South Africa Standard Time),
faithfulfinds.co.za,faithfulfinds.co.za,ZA,,,,,false,,Fri Sep 11 2026 02:00:00 GMT+0200 (South Africa Standard Time),
account.tovcollective.co.za,account.tovcollective.co.za,ZA,,,,,false,,Fri Sep 11 2026 02:00:00 GMT+0200 (South Africa Standard Time),
roselleglow.co.za,roselleglow.co.za,ZA,,,,,false,,Fri Sep 11 2026 02:00:00 GMT+0200 (South Africa Standard Time),
emoli.co.za,emoli.co.za,ZA,,,,,false,,Fri Sep 11 2026 02:00:00 GMT+0200 (South Africa Standard Time),
www.herperiod.co.za,www.herperiod.co.za,ZA,,,,,false,,Fri Sep 11 2026 02:00:00 GMT+0200 (South Africa Standard Time),
echostory.co.za,echostory.co.za,ZA,,Arts & Entertainment,,,false,,Fri Sep 11 2026 02:00:00 GMT+0200 (South Africa Standard Time),info@echostory.co.za
account.strengthlabsa.co.za,account.strengthlabsa.co.za,ZA,,,,,false,,Fri Sep 11 2026 02:00:00 GMT+0200 (South Africa Standard Time),
easygis.co.za,easygis.co.za,ZA,,,,,false,,Fri Sep 11 2026 02:00:00 GMT+0200 (South Africa Standard Time),
kazistudiosa.co.za,kazistudiosa.co.za,ZA,,,,,false,,Fri Sep 11 2026 02:00:00 GMT+0200 (South Africa Standard Time),
www.ritualsperfumes.co.za,www.ritualsperfumes.co.za,ZA,,Beauty & Fitness,,,false,,Fri Sep 11 2026 02:00:00 GMT+0200 (South Africa Standard Time),
rubysfaith.co.za,rubysfaith.co.za,ZA,,Jewellery & Accessories,,,false,,Fri Sep 11 2026 02:00:00 GMT+0200 (South Africa Standard Time),info@rubysfaith.co.za
sixundergolf.co.za,sixundergolf.co.za,ZA,,Apparel,,,false,,Fri Sep 11 2026 02:00:00 GMT+0200 (South Africa Standard Time),
sportswarehouse.co.za,sportswarehouse.co.za,ZA,,,,,false,,Fri Sep 11 2026 02:00:00 GMT+0200 (South Africa Standard Time),
smartchillsupplies.co.za,smartchillsupplies.co.za,ZA,,Home & Garden,,,false,,Fri Sep 11 2026 02:00:00 GMT+0200 (South Africa Standard Time),hello@smartchillsupplies.co.za
smithandhunter.co.za,smithandhunter.co.za,ZA,,Pets,,,false,,Fri Sep 11 2026 02:00:00 GMT+0200 (South Africa Standard Time),info@smithandhunter.co.za
confidence-beauty.co.za,confidence-beauty.co.za,ZA,,Beauty & Fitness,,,false,,Fri Sep 11 2026 02:00:00 GMT+0200 (South Africa Standard Time),email
bonvie.co.za,bonvie.co.za,ZA,,,,,false,,Fri Sep 11 2026 02:00:00 GMT+0200 (South Africa Standard Time),
outsiderbrands.co.za,outsiderbrands.co.za,ZA,,Automotive,,,false,,Fri Sep 11 2026 02:00:00 GMT+0200 (South Africa Standard Time),
www.decormama.co.za,www.decormama.co.za,ZA,,Home & Garden,,,false,,Fri Sep 11 2026 02:00:00 GMT+0200 (South Africa Standard Time),admin@decormama.co.za
iluvpops.co.za,iluvpops.co.za,ZA,,,,,false,,Fri Sep 11 2026 02:00:00 GMT+0200 (South Africa Standard Time),
www.swiftrix.co.za,www.swiftrix.co.za,ZA,,,,,false,,Fri Sep 11 2026 02:00:00 GMT+0200 (South Africa Standard Time),
account.universefootwear.co.za,account.universefootwear.co.za,ZA,,,,,false,,Fri Sep 11 2026 02:00:00 GMT+0200 (South Africa Standard Time),
www.horisontech.co.za,www.horisontech.co.za,ZA,,,,,false,,Fri Sep 11 2026 02:00:00 GMT+0200 (South Africa Standard Time),
www.colourmeplayful.co.za,www.colourmeplayful.co.za,ZA,,Toys & Games,,,false,,Fri Sep 11 2026 02:00:00 GMT+0200 (South Africa Standard Time),
www.christiananchor.co.za,www.christiananchor.co.za,ZA,,Books & Media,,,false,,Fri Sep 11 2026 02:00:00 GMT+0200 (South Africa Standard Time),
harriscreations.store,harriscreations.store,ZA,,Home & Garden,,,false,,Fri Sep 11 2026 02:00:00 GMT+0200 (South Africa Standard Time),
www.theblyde.co.za,www.theblyde.co.za,ZA,,,,,false,,Fri Sep 11 2026 02:00:00 GMT+0200 (South Africa Standard Time),
homegearza.co.za,homegearza.co.za,ZA,,,,,false,,Fri Sep 11 2026 02:00:00 GMT+0200 (South Africa Standard Time),
www.kundarilla.co.ke,www.kundarilla.co.ke,KE,,,,,false,,Fri Sep 11 2026 02:00:00 GMT+0200 (South Africa Standard Time),
account.curtainry.co.za,account.curtainry.co.za,ZA,,,,,false,,Fri Sep 11 2026 02:00:00 GMT+0200 (South Africa Standard Time),
account.terciany.co.za,account.terciany.co.za,ZA,,,,,false,,Fri Sep 11 2026 02:00:00 GMT+0200 (South Africa Standard Time),
www.tickstore.co.za,www.tickstore.co.za,ZA,,,,,false,,Fri Sep 11 2026 02:00:00 GMT+0200 (South Africa Standard Time),
aquaforceza.co.za,aquaforceza.co.za,ZA,,Sports,,,false,,Fri Sep 11 2026 02:00:00 GMT+0200 (South Africa Standard Time),info@aquaforceza.co.za
www.elourabeauty.co.za,www.elourabeauty.co.za,ZA,,,,,false,,Fri Sep 11 2026 02:00:00 GMT+0200 (South Africa Standard Time),
www.ravell.co.za,www.ravell.co.za,ZA,,,,,false,,Fri Sep 11 2026 02:00:00 GMT+0200 (South Africa Standard Time),
fenxipublishing.co.za,fenxipublishing.co.za,ZA,,,,,false,,Fri Sep 11 2026 02:00:00 GMT+0200 (South Africa Standard Time),
partyscape.co.za,partyscape.co.za,ZA,,,,,false,,Fri Sep 11 2026 02:00:00 GMT+0200 (South Africa Standard Time),
www.rebelzcollectibles.co.za,www.rebelzcollectibles.co.za,ZA,,Toys & Games,,,false,,Fri Sep 11 2026 02:00:00 GMT+0200 (South Africa Standard Time),
account.premtech.co.za,account.premtech.co.za,ZA,,,,,false,,Fri Sep 11 2026 02:00:00 GMT+0200 (South Africa Standard Time),
avilo.co.za,avilo.co.za,ZA,,Travel & Outdoor,,,false,,Fri Sep 11 2026 02:00:00 GMT+0200 (South Africa Standard Time),info@avilo.co.za
www.topspinsa.co.za,www.topspinsa.co.za,ZA,,Sports,,,false,,Fri Sep 11 2026 02:00:00 GMT+0200 (South Africa Standard Time),info@topspinsa.co.za
www.patricklatimer.co.za,www.patricklatimer.co.za,ZA,,Arts & Entertainment,,,false,,Fri Sep 11 2026 02:00:00 GMT+0200 (South Africa Standard Time),patrick.latimer@gmail.com
www.laceandsole.co.za,www.laceandsole.co.za,ZA,,,,,false,,Fri Sep 11 2026 02:00:00 GMT+0200 (South Africa Standard Time),
www.nclothingandcosmetics.co.za,www.nclothingandcosmetics.co.za,ZA,,,,,false,,Fri Sep 11 2026 02:00:00 GMT+0200 (South Africa Standard Time),
www.vanitysa.co.za,www.vanitysa.co.za,ZA,,Beauty & Fitness,,,false,,Fri Sep 11 2026 02:00:00 GMT+0200 (South Africa Standard Time),
morebliss.co.za,morebliss.co.za,ZA,,,,,false,,Fri Sep 11 2026 02:00:00 GMT+0200 (South Africa Standard Time),
account.bepicsa.co.za,account.bepicsa.co.za,ZA,,,,,false,,Fri Sep 11 2026 02:00:00 GMT+0200 (South Africa Standard Time),
www.41production.co.za,www.41production.co.za,ZA,,,,,false,,Fri Sep 11 2026 02:00:00 GMT+0200 (South Africa Standard Time),
account.marcellesclassroom.co.za,account.marcellesclassroom.co.za,ZA,,,,,false,,Fri Sep 11 2026 02:00:00 GMT+0200 (South Africa Standard Time),
goldensandsperfumery.co.za,goldensandsperfumery.co.za,ZA,,Beauty & Fitness,,,false,,Fri Sep 11 2026 02:00:00 GMT+0200 (South Africa Standard Time),goldensandsperfumery@gmail.com
account.starlightandstrawberries.co.za,account.starlightandstrawberries.co.za,ZA,,,,,false,,Fri Sep 11 2026 02:00:00 GMT+0200 (South Africa Standard Time),
www.desirehub.com.ng,www.desirehub.com.ng,NG,,,,,false,,Fri Sep 11 2026 02:00:00 GMT+0200 (South Africa Standard Time),
www.urbancounter.co.za,www.urbancounter.co.za,ZA,,Home & Garden,,,false,,Fri Sep 11 2026 02:00:00 GMT+0200 (South Africa Standard Time),
crownandsilkhairco.co.za,crownandsilkhairco.co.za,ZA,,Beauty & Fitness,,,false,,Fri Sep 11 2026 02:00:00 GMT+0200 (South Africa Standard Time),info@crownandsilkhairco.co.za
everlybaby.co.za,everlybaby.co.za,ZA,,,,,false,PayFast,Fri Sep 11 2026 02:00:00 GMT+0200 (South Africa Standard Time),
www.lamaisonhubandboutique.co.za,www.lamaisonhubandboutique.co.za,ZA,,,,,false,,Fri Sep 11 2026 02:00:00 GMT+0200 (South Africa Standard Time),
www.mooiskin.co.za,www.mooiskin.co.za,ZA,,,,,false,,Fri Sep 11 2026 02:00:00 GMT+0200 (South Africa Standard Time),
houseofzuri.co.za,houseofzuri.co.za,ZA,,Jewellery & Accessories,,,false,Yoco,Fri Sep 11 2026 02:00:00 GMT+0200 (South Africa Standard Time),
www.steamora.co.za,www.steamora.co.za,ZA,,Other,,,false,,Fri Sep 11 2026 02:00:00 GMT+0200 (South Africa Standard Time),
amersyscollections.shop,amersyscollections.shop,KE,,Electronics,,,false,,Fri Sep 11 2026 02:00:00 GMT+0200 (South Africa Standard Time),enquiry@amersyscollections.shop
www.serelleluxe.co.za,www.serelleluxe.co.za,ZA,,Jewellery & Accessories,,,false,,Fri Sep 11 2026 02:00:00 GMT+0200 (South Africa Standard Time),
chummywummy.co.za,chummywummy.co.za,ZA,,,,,false,,Fri Sep 11 2026 02:00:00 GMT+0200 (South Africa Standard Time),
birdieandbear.co.za,birdieandbear.co.za,ZA,,Baby & Kids,,,false,,Fri Sep 11 2026 02:00:00 GMT+0200 (South Africa Standard Time),
monstermechanical.co.za,monstermechanical.co.za,ZA,,,,,false,,Fri Sep 11 2026 02:00:00 GMT+0200 (South Africa Standard Time),
www.thetechnest.co.za,www.thetechnest.co.za,ZA,,Electronics,,,false,,Fri Sep 11 2026 02:00:00 GMT+0200 (South Africa Standard Time),
account.poedagarsa.co.za,account.poedagarsa.co.za,ZA,,,,,false,,Fri Sep 11 2026 02:00:00 GMT+0200 (South Africa Standard Time),
www.trendssa.co.za,www.trendssa.co.za,ZA,,,,,false,,Fri Sep 11 2026 02:00:00 GMT+0200 (South Africa Standard Time),
dubaiallure.co.za,dubaiallure.co.za,ZA,,Beauty & Fitness,,,false,,Fri Sep 11 2026 02:00:00 GMT+0200 (South Africa Standard Time),
ditlouequipment.co.za,ditlouequipment.co.za,ZA,,,,,false,,Fri Sep 11 2026 02:00:00 GMT+0200 (South Africa Standard Time),
www.gopure.co.za,www.gopure.co.za,ZA,,,,,false,,Fri Sep 11 2026 02:00:00 GMT+0200 (South Africa Standard Time),
www.nugdealz.co.za,www.nugdealz.co.za,ZA,,,,,false,,Fri Sep 11 2026 02:00:00 GMT+0200 (South Africa Standard Time),
www.peninsulaprimefoods.co.za,www.peninsulaprimefoods.co.za,ZA,,,,,false,,Fri Sep 11 2026 02:00:00 GMT+0200 (South Africa Standard Time),
www.thegateway.co.za,www.thegateway.co.za,ZA,,,,,false,,Fri Sep 11 2026 02:00:00 GMT+0200 (South Africa Standard Time),
www.rigorousrxcwear.co.za,www.rigorousrxcwear.co.za,ZA,,,,,false,,Fri Sep 11 2026 02:00:00 GMT+0200 (South Africa Standard Time),
novasa.store,novasa.store,ZA,,Other,,,false,,Fri Sep 11 2026 02:00:00 GMT+0200 (South Africa Standard Time),
account.showerbloom.co.za,account.showerbloom.co.za,ZA,,,,,false,,Fri Sep 11 2026 02:00:00 GMT+0200 (South Africa Standard Time),
www.shadeandcompany.co.za,www.shadeandcompany.co.za,ZA,,,,,false,,Fri Sep 11 2026 02:00:00 GMT+0200 (South Africa Standard Time),
www.everfit.co.za,www.everfit.co.za,ZA,,Beauty & Fitness,,,false,,Fri Sep 11 2026 02:00:00 GMT+0200 (South Africa Standard Time),everfitsupport@gmail.com
account.teachermomsdesk.co.za,account.teachermomsdesk.co.za,ZA,,,,,false,,Fri Sep 11 2026 02:00:00 GMT+0200 (South Africa Standard Time),
www.lavishlivingsa.co.za,www.lavishlivingsa.co.za,ZA,,,,,false,,Fri Sep 11 2026 02:00:00 GMT+0200 (South Africa Standard Time),
www.annebeauty.co.za,www.annebeauty.co.za,ZA,,Beauty & Fitness,,,false,,Fri Sep 11 2026 02:00:00 GMT+0200 (South Africa Standard Time),enlob07@gmail.com
visionprofinance.co.za,visionprofinance.co.za,ZA,,,,,false,,Fri Sep 11 2026 02:00:00 GMT+0200 (South Africa Standard Time),
account.printsyndicate.co.za,account.printsyndicate.co.za,ZA,,,,,false,,Fri Sep 11 2026 02:00:00 GMT+0200 (South Africa Standard Time),
www.avani.co.za,www.avani.co.za,ZA,,Beauty & Fitness,,,false,,Fri Sep 11 2026 02:00:00 GMT+0200 (South Africa Standard Time),support@avani.co.za
www.azuri-apparel.co.za,www.azuri-apparel.co.za,ZA,,Apparel,,,false,,Fri Sep 11 2026 02:00:00 GMT+0200 (South Africa Standard Time),
www.lmgreat.co.za,www.lmgreat.co.za,ZA,,Electronics,,,false,,Fri Sep 11 2026 02:00:00 GMT+0200 (South Africa Standard Time),
www.medi-supplies.co.za,www.medi-supplies.co.za,ZA,,,,,false,,Fri Sep 11 2026 02:00:00 GMT+0200 (South Africa Standard Time),
www.daniellefrylinck.co.za,www.daniellefrylinck.co.za,ZA,,Other,,,false,,Fri Sep 11 2026 02:00:00 GMT+0200 (South Africa Standard Time),
www.crownandsilkhairco.co.za,www.crownandsilkhairco.co.za,ZA,,Beauty & Fitness,,,false,,Fri Sep 11 2026 02:00:00 GMT+0200 (South Africa Standard Time),info@crownandsilkhairco.co.za
account.deeliver.co.za,account.deeliver.co.za,ZA,,,,,false,,Fri Sep 11 2026 02:00:00 GMT+0200 (South Africa Standard Time),
account.brushwood.co.za,account.brushwood.co.za,ZA,,,,,false,,Fri Sep 11 2026 02:00:00 GMT+0200 (South Africa Standard Time),
account.bellaboolingerie.co.za,account.bellaboolingerie.co.za,ZA,,,,,false,,Fri Sep 11 2026 02:00:00 GMT+0200 (South Africa Standard Time),
nova-mart.co.za,nova-mart.co.za,ZA,,,,,false,,Fri Sep 11 2026 02:00:00 GMT+0200 (South Africa Standard Time),
www.opportuneprosperitywellness.co.za,www.opportuneprosperitywellness.co.za,ZA,,,,,false,,Fri Sep 11 2026 02:00:00 GMT+0200 (South Africa Standard Time),
chalkpaints.co.za,chalkpaints.co.za,ZA,,Arts & Entertainment,,,false,,Fri Sep 11 2026 02:00:00 GMT+0200 (South Africa Standard Time),
www.wepromise.co.za,www.wepromise.co.za,ZA,,Arts & Entertainment,,,false,,Fri Sep 11 2026 02:00:00 GMT+0200 (South Africa Standard Time),
wisperwheave.co.za,wisperwheave.co.za,ZA,,Other,,,false,,Fri Sep 11 2026 02:00:00 GMT+0200 (South Africa Standard Time),
livegear.co,livegear.co,ZA,,Electronics,,,false,,Fri Sep 11 2026 02:00:00 GMT+0200 (South Africa Standard Time),
www.thermox.co.za,www.thermox.co.za,ZA,,,,,false,,Fri Sep 11 2026 02:00:00 GMT+0200 (South Africa Standard Time),
diespensclarens.co.za,diespensclarens.co.za,ZA,,,,,false,,Fri Sep 11 2026 02:00:00 GMT+0200 (South Africa Standard Time),
www.canine-explore.co.za,www.canine-explore.co.za,ZA,,Pets,,,false,,Fri Sep 11 2026 02:00:00 GMT+0200 (South Africa Standard Time),edward@caninesecurity.co.za
slumblr.co.za,slumblr.co.za,ZA,,,,,false,,Fri Sep 11 2026 02:00:00 GMT+0200 (South Africa Standard Time),
www.tryvertilife.co.za,www.tryvertilife.co.za,ZA,,,,,false,,Fri Sep 11 2026 02:00:00 GMT+0200 (South Africa Standard Time),
www.paxtonbuilt.co.za,www.paxtonbuilt.co.za,ZA,,,,,false,,Fri Sep 11 2026 02:00:00 GMT+0200 (South Africa Standard Time),
account.valuetek.co.za,account.valuetek.co.za,ZA,,,,,false,,Fri Sep 11 2026 02:00:00 GMT+0200 (South Africa Standard Time),
neworiginals.co.za,neworiginals.co.za,ZA,,Apparel,,,false,,Fri Sep 11 2026 02:00:00 GMT+0200 (South Africa Standard Time),
mvaonline.store,mvaonline.store,ZA,,Beauty & Fitness,,,false,,Fri Sep 11 2026 02:00:00 GMT+0200 (South Africa Standard Time),info@mvaonline.store
www.chellasfudge.co.za,www.chellasfudge.co.za,ZA,,Food & Drink,,,false,,Fri Sep 11 2026 02:00:00 GMT+0200 (South Africa Standard Time),
www.scentsperfume.co.za,www.scentsperfume.co.za,ZA,,Beauty & Fitness,,,false,,Fri Sep 11 2026 02:00:00 GMT+0200 (South Africa Standard Time),scents@thebarberschopshop.co.za
account.softflask.co.za,account.softflask.co.za,ZA,,,,,false,,Fri Sep 11 2026 02:00:00 GMT+0200 (South Africa Standard Time),
singascents.co.za,singascents.co.za,ZA,,Beauty & Fitness,,,false,,Fri Sep 11 2026 02:00:00 GMT+0200 (South Africa Standard Time),
www.houseofvyombo.co.ke,www.houseofvyombo.co.ke,KE,,,,,false,,Fri Sep 11 2026 02:00:00 GMT+0200 (South Africa Standard Time),
www.simplyshopping.co.za,www.simplyshopping.co.za,ZA,,,,,false,,Fri Sep 11 2026 02:00:00 GMT+0200 (South Africa Standard Time),
www.veracare.co.za,www.veracare.co.za,ZA,,,,,false,,Fri Sep 11 2026 02:00:00 GMT+0200 (South Africa Standard Time),
rootedwellness.shop,rootedwellness.shop,ZA,,Health,,,false,,Fri Sep 11 2026 02:00:00 GMT+0200 (South Africa Standard Time),
shopsaonline.co.za,shopsaonline.co.za,ZA,,,,,false,,Fri Sep 11 2026 02:00:00 GMT+0200 (South Africa Standard Time),
4everpure.co.za,4everpure.co.za,ZA,,,,,false,,Fri Sep 11 2026 02:00:00 GMT+0200 (South Africa Standard Time),
account.bbcoofficial.co.za,account.bbcoofficial.co.za,ZA,,,,,false,,Fri Sep 11 2026 02:00:00 GMT+0200 (South Africa Standard Time),
gymgrips.co.za,gymgrips.co.za,ZA,,,,,false,,Fri Sep 11 2026 02:00:00 GMT+0200 (South Africa Standard Time),
christiananchor.co.za,christiananchor.co.za,ZA,,Arts & Entertainment,,,false,,Fri Sep 11 2026 02:00:00 GMT+0200 (South Africa Standard Time),
account.clickxculture.co.za,account.clickxculture.co.za,ZA,,,,,false,,Fri Sep 11 2026 02:00:00 GMT+0200 (South Africa Standard Time),
www.goldenscents.co.za,www.goldenscents.co.za,ZA,,,,,false,,Fri Sep 11 2026 02:00:00 GMT+0200 (South Africa Standard Time),
www.naresupplyanddistributors.co.za,www.naresupplyanddistributors.co.za,ZA,,,,,false,,Fri Sep 11 2026 02:00:00 GMT+0200 (South Africa Standard Time),
untappedstrength.co.za,untappedstrength.co.za,ZA,,Sports,,,false,,Fri Sep 11 2026 02:00:00 GMT+0200 (South Africa Standard Time),
laceandsole.co.za,laceandsole.co.za,ZA,,,,,false,,Fri Sep 11 2026 02:00:00 GMT+0200 (South Africa Standard Time),
www.alabanzafashion.co.za,www.alabanzafashion.co.za,ZA,,Apparel,,,false,,Fri Sep 11 2026 02:00:00 GMT+0200 (South Africa Standard Time),info@alabanzafashion.co.za
www.mosiglow.co.za,www.mosiglow.co.za,ZA,,Beauty & Fitness,,,false,,Fri Sep 11 2026 02:00:00 GMT+0200 (South Africa Standard Time),lavhelani002@gmail.com
www.xpoedge.co.za,www.xpoedge.co.za,ZA,,,,,false,,Fri Sep 11 2026 02:00:00 GMT+0200 (South Africa Standard Time),
www.salonretail.co.za,www.salonretail.co.za,ZA,,Beauty & Fitness,,,false,,Fri Sep 11 2026 02:00:00 GMT+0200 (South Africa Standard Time),
www.marcjacobpremiumoutlet.co.za,www.marcjacobpremiumoutlet.co.za,ZA,,,,,false,,Fri Sep 11 2026 02:00:00 GMT+0200 (South Africa Standard Time),
www.gameonracing.co.za,www.gameonracing.co.za,ZA,,Automotive,,,false,,Fri Sep 11 2026 02:00:00 GMT+0200 (South Africa Standard Time),
www.shopwithstyle.co.za,www.shopwithstyle.co.za,ZA,,Apparel,,,false,,Fri Sep 11 2026 02:00:00 GMT+0200 (South Africa Standard Time),
www.sockdrop.co.za,www.sockdrop.co.za,ZA,,,,,false,,Fri Sep 11 2026 02:00:00 GMT+0200 (South Africa Standard Time),
thermox.co.za,thermox.co.za,ZA,,,,,false,,Fri Sep 11 2026 02:00:00 GMT+0200 (South Africa Standard Time),
account.shopwithstyle.co.za,account.shopwithstyle.co.za,ZA,,,,,false,,Fri Sep 11 2026 02:00:00 GMT+0200 (South Africa Standard Time),
account.sockdrop.co.za,account.sockdrop.co.za,ZA,,,,,false,,Fri Sep 11 2026 02:00:00 GMT+0200 (South Africa Standard Time),
barkbubbles.co.za,barkbubbles.co.za,ZA,,Pets,,,false,,Fri Sep 11 2026 02:00:00 GMT+0200 (South Africa Standard Time),
www.ultimateherbs.co.za,www.ultimateherbs.co.za,ZA,,,,,false,,Fri Sep 11 2026 02:00:00 GMT+0200 (South Africa Standard Time),
account.activeedge.co.za,account.activeedge.co.za,ZA,,,,,false,,Fri Sep 11 2026 02:00:00 GMT+0200 (South Africa Standard Time),
checkout.printsyndicate.co.za,checkout.printsyndicate.co.za,ZA,,Arts & Entertainment,,,false,,Fri Sep 11 2026 02:00:00 GMT+0200 (South Africa Standard Time),
www.spraygroundsa.co.za,www.spraygroundsa.co.za,ZA,,,,,false,,Fri Sep 11 2026 02:00:00 GMT+0200 (South Africa Standard Time),
www.lotionsandpotions.co.za,www.lotionsandpotions.co.za,ZA,,Beauty & Fitness,,,false,,Fri Sep 11 2026 02:00:00 GMT+0200 (South Africa Standard Time),
boshokkie.co.za,boshokkie.co.za,ZA,,,,,false,,Fri Sep 11 2026 02:00:00 GMT+0200 (South Africa Standard Time),
www.ferentino.co.za,www.ferentino.co.za,ZA,,Apparel,,,false,,Fri Sep 11 2026 02:00:00 GMT+0200 (South Africa Standard Time),info@ferentino.co.za
themarketlab.store,themarketlab.store,ZA,,Other,,,false,,Fri Sep 11 2026 02:00:00 GMT+0200 (South Africa Standard Time),
aquapoolsmzansi.co.za,aquapoolsmzansi.co.za,ZA,,,,,false,,Fri Sep 11 2026 02:00:00 GMT+0200 (South Africa Standard Time),
www.fedecarry.co.za,www.fedecarry.co.za,ZA,,Other,,,false,,Fri Sep 11 2026 02:00:00 GMT+0200 (South Africa Standard Time),fedecarry@gmail.com
www.worora.co.za,www.worora.co.za,ZA,,,,,false,,Fri Sep 11 2026 02:00:00 GMT+0200 (South Africa Standard Time),
account.cheapstore.co.za,account.cheapstore.co.za,ZA,,,,,false,,Fri Sep 11 2026 02:00:00 GMT+0200 (South Africa Standard Time),
www.imaraandco.co.za,www.imaraandco.co.za,ZA,,,,,false,,Fri Sep 11 2026 02:00:00 GMT+0200 (South Africa Standard Time),
account.careglow.co.za,account.careglow.co.za,ZA,,,,,false,,Fri Sep 11 2026 02:00:00 GMT+0200 (South Africa Standard Time),
account.culturedhooligans.co.za,account.culturedhooligans.co.za,ZA,,,,,false,,Fri Sep 11 2026 02:00:00 GMT+0200 (South Africa Standard Time),
www.echostory.co.za,www.echostory.co.za,ZA,,Books & Media,,,false,,Fri Sep 11 2026 02:00:00 GMT+0200 (South Africa Standard Time),info@echostory.co.za
www.shapefitness.co.za,www.shapefitness.co.za,ZA,,,,,false,,Fri Sep 11 2026 02:00:00 GMT+0200 (South Africa Standard Time),
careglow.co.za,careglow.co.za,ZA,,,,,false,,Fri Sep 11 2026 02:00:00 GMT+0200 (South Africa Standard Time),
arovahome.co.za,arovahome.co.za,ZA,,,,,false,,Fri Sep 11 2026 02:00:00 GMT+0200 (South Africa Standard Time),
leeslittlechefs.co.za,leeslittlechefs.co.za,ZA,,Baby & Kids,,,false,,Fri Sep 11 2026 02:00:00 GMT+0200 (South Africa Standard Time),
www.babycityshop.co.za,www.babycityshop.co.za,ZA,,,,,false,,Fri Sep 11 2026 02:00:00 GMT+0200 (South Africa Standard Time),
www.kinderlykids.co.za,www.kinderlykids.co.za,ZA,,,,,false,,Fri Sep 11 2026 02:00:00 GMT+0200 (South Africa Standard Time),
account.zennex.co.za,account.zennex.co.za,ZA,,,,,false,,Fri Sep 11 2026 02:00:00 GMT+0200 (South Africa Standard Time),
www.arthconlighting.co.za,www.arthconlighting.co.za,ZA,,Home & Garden,,,false,,Fri Sep 11 2026 02:00:00 GMT+0200 (South Africa Standard Time),
account.arthconlighting.co.za,account.arthconlighting.co.za,ZA,,,,,false,,Fri Sep 11 2026 02:00:00 GMT+0200 (South Africa Standard Time),
zooli.co.za,zooli.co.za,ZA,,Pets,,,false,,Fri Sep 11 2026 02:00:00 GMT+0200 (South Africa Standard Time),
arthconlighting.co.za,arthconlighting.co.za,ZA,,Home & Garden,,,false,,Fri Sep 11 2026 02:00:00 GMT+0200 (South Africa Standard Time),
www.homara.co.za,www.homara.co.za,ZA,,Other,,,false,,Fri Sep 11 2026 02:00:00 GMT+0200 (South Africa Standard Time),
blend4beauty.co.za,blend4beauty.co.za,ZA,,,,,false,,Fri Sep 11 2026 02:00:00 GMT+0200 (South Africa Standard Time),
wigglewear.co.za,wigglewear.co.za,ZA,,Baby & Kids,,,false,,Fri Sep 11 2026 02:00:00 GMT+0200 (South Africa Standard Time),wigglewear99@gmail.com
bellaboolingerie.co.za,bellaboolingerie.co.za,ZA,,Apparel,,,false,,Fri Sep 11 2026 02:00:00 GMT+0200 (South Africa Standard Time),
www.elanora.co.za,www.elanora.co.za,ZA,,Beauty & Fitness,,,false,,Fri Sep 11 2026 02:00:00 GMT+0200 (South Africa Standard Time),
www.brandelist.co.za,www.brandelist.co.za,ZA,,Other,,,false,,Fri Sep 11 2026 02:00:00 GMT+0200 (South Africa Standard Time),
www.stealadeal.co.za,www.stealadeal.co.za,ZA,,,,,false,,Fri Sep 11 2026 02:00:00 GMT+0200 (South Africa Standard Time),
www.luxverawell.co.za,www.luxverawell.co.za,ZA,,,,,false,,Fri Sep 11 2026 02:00:00 GMT+0200 (South Africa Standard Time),
www.otherworldly.co.za,www.otherworldly.co.za,ZA,,,,,false,,Fri Sep 11 2026 02:00:00 GMT+0200 (South Africa Standard Time),
account.shopsaonline.co.za,account.shopsaonline.co.za,ZA,,,,,false,,Fri Sep 11 2026 02:00:00 GMT+0200 (South Africa Standard Time),
www.applclub.co.za,www.applclub.co.za,ZA,,Other,,,false,,Fri Sep 11 2026 02:00:00 GMT+0200 (South Africa Standard Time),
account.ritualsperfumes.co.za,account.ritualsperfumes.co.za,ZA,,,,,false,,Fri Sep 11 2026 02:00:00 GMT+0200 (South Africa Standard Time),
eesomestore.co.za,eesomestore.co.za,ZA,,Other,,,false,,Fri Sep 11 2026 02:00:00 GMT+0200 (South Africa Standard Time),
account.eesomestore.co.za,account.eesomestore.co.za,ZA,,,,,false,,Fri Sep 11 2026 02:00:00 GMT+0200 (South Africa Standard Time),
www.supercctv.co.za,www.supercctv.co.za,ZA,,Electronics,,,false,,Fri Sep 11 2026 02:00:00 GMT+0200 (South Africa Standard Time),
www.cbkmotors.co.za,www.cbkmotors.co.za,ZA,,Automotive,,,false,,Fri Sep 11 2026 02:00:00 GMT+0200 (South Africa Standard Time),info@cbkmotors.co.za
storksak.co.za,storksak.co.za,ZA,,Baby & Kids,,,false,,Fri Sep 11 2026 02:00:00 GMT+0200 (South Africa Standard Time),info@storksak.co.za
www.zooli.co.za,www.zooli.co.za,ZA,,Pets,,,false,,Fri Sep 11 2026 02:00:00 GMT+0200 (South Africa Standard Time),
www.crownbrands.co.za,www.crownbrands.co.za,ZA,,Home & Garden,,,false,,Fri Sep 11 2026 02:00:00 GMT+0200 (South Africa Standard Time),
lumiveil-za.store,lumiveil-za.store,ZA,,Beauty & Fitness,,,false,,Fri Sep 11 2026 02:00:00 GMT+0200 (South Africa Standard Time),
shop.yournext.co.za,shop.yournext.co.za,ZA,,,,,false,,Fri Sep 11 2026 02:00:00 GMT+0200 (South Africa Standard Time),
ubrano.co.za,ubrano.co.za,ZA,,,,,false,,Fri Sep 11 2026 02:00:00 GMT+0200 (South Africa Standard Time),
replaygolf.co.za,replaygolf.co.za,ZA,,Sports,,,false,,Fri Sep 11 2026 02:00:00 GMT+0200 (South Africa Standard Time),
foreverlucky.co.za,foreverlucky.co.za,ZA,,,,,false,,Fri Sep 11 2026 02:00:00 GMT+0200 (South Africa Standard Time),
www.chalkpaints.co.za,www.chalkpaints.co.za,ZA,,Arts & Entertainment,,,false,,Fri Sep 11 2026 02:00:00 GMT+0200 (South Africa Standard Time),
www.snapaura.co.za,www.snapaura.co.za,ZA,,Electronics,,,false,,Fri Sep 11 2026 02:00:00 GMT+0200 (South Africa Standard Time),
account.beautyfromseoul.co.za,account.beautyfromseoul.co.za,ZA,,,,,false,,Fri Sep 11 2026 02:00:00 GMT+0200 (South Africa Standard Time),
padelgrail.co.za,– Padel Grail,ZA,,Sports,,ZAR,false,Yoco,Fri Sep 11 2026 02:00:00 GMT+0200 (South Africa Standard Time),info@padelgrail.co.za
livingnaturals.co.za,livingnaturals.co.za,ZA,,Beauty & Fitness,,,false,,Thu Sep 10 2026 02:00:00 GMT+0200 (South Africa Standard Time),
christieoyebola.com.ng,christieoyebola.com.ng,NG,,,,,false,,Thu Sep 10 2026 02:00:00 GMT+0200 (South Africa Standard Time),
clone.care4allfoundation.com.ng,clone.care4allfoundation.com.ng,NG,,Other,,,false,,Thu Sep 10 2026 02:00:00 GMT+0200 (South Africa Standard Time),
duagadgets.co.ke,duagadgets.co.ke,KE,,Electronics,,,false,,Thu Sep 10 2026 02:00:00 GMT+0200 (South Africa Standard Time),
aoco.co.za,aoco.co.za,ZA,,,,,false,,Thu Sep 10 2026 02:00:00 GMT+0200 (South Africa Standard Time),
soycandles.co.za,soycandles.co.za,ZA,,,,,false,PayFast;Payflex;Stitch,Thu Sep 10 2026 02:00:00 GMT+0200 (South Africa Standard Time),
lpfashionstore.co.za,lpfashionstore.co.za,ZA,,,,,false,,Thu Sep 10 2026 02:00:00 GMT+0200 (South Africa Standard Time),
crestfieldfurnitures.co.za,crestfieldfurnitures.co.za,ZA,,Business & Industrial,,,false,Ozow;PayFast,Thu Sep 10 2026 02:00:00 GMT+0200 (South Africa Standard Time),
techsocial.co.za,techsocial.co.za,ZA,,,,,false,,Thu Sep 10 2026 02:00:00 GMT+0200 (South Africa Standard Time),
pprtech.co.za,pprtech.co.za,ZA,,Electronics,,,false,PayFast,Thu Sep 10 2026 02:00:00 GMT+0200 (South Africa Standard Time),
www.theluxeaffair.co.za,www.theluxeaffair.co.za,ZA,,,,,false,,Thu Sep 10 2026 02:00:00 GMT+0200 (South Africa Standard Time),
www.partify.ke,www.partify.ke,KE,,Food & Drink,,,false,,Thu Sep 10 2026 02:00:00 GMT+0200 (South Africa Standard Time),
plughouse.co.za,,ZA,,Home & Garden,,,false,PayFast;bogus,Thu Sep 10 2026 02:00:00 GMT+0200 (South Africa Standard Time),support@plughouse.co.za
nutricon.co.za,,ZA,,Health,,,false,PayFast;Yoco;Payflex,Thu Sep 10 2026 02:00:00 GMT+0200 (South Africa Standard Time),
skinandthings.store,skinandthings.store,ZA,,,,,false,,Thu Sep 10 2026 02:00:00 GMT+0200 (South Africa Standard Time),
www.flexi908.co.za,www.flexi908.co.za,ZA,,,,,false,,Thu Sep 10 2026 02:00:00 GMT+0200 (South Africa Standard Time),
tegadecants.co.za,tegadecants.co.za,ZA,,,,,false,,Thu Sep 10 2026 02:00:00 GMT+0200 (South Africa Standard Time),
primepeck.co.za,primepeck.co.za,ZA,,,,,false,,Thu Sep 10 2026 02:00:00 GMT+0200 (South Africa Standard Time),
account.fantacy.co.za,account.fantacy.co.za,ZA,,,,,false,,Thu Sep 10 2026 02:00:00 GMT+0200 (South Africa Standard Time),
zemfy.zemfy.co.za,zemfy.zemfy.co.za,ZA,,,,,false,,Thu Sep 10 2026 02:00:00 GMT+0200 (South Africa Standard Time),
www.3dcrystalstudio.co.za,www.3dcrystalstudio.co.za,ZA,,Arts & Entertainment,,,false,,Thu Sep 10 2026 02:00:00 GMT+0200 (South Africa Standard Time),info@3dcrystalstudio.co.za
www.jonk.co.za,www.jonk.co.za,ZA,,,,,false,,Thu Sep 10 2026 02:00:00 GMT+0200 (South Africa Standard Time),
strandvibe.co.za,strandvibe.co.za,ZA,,Beauty & Fitness,,,false,PayFast,Thu Sep 10 2026 02:00:00 GMT+0200 (South Africa Standard Time),
sandtonboxbreaks.co.za,,ZA,,Toys & Games,,,false,Yoco,Wed Sep 09 2026 02:00:00 GMT+0200 (South Africa Standard Time),info@sandtonboxbreaks.co.za
ayoandstyles.com.ng,AyoandStyles,NG,,,,NGN,false,Paystack,Wed Sep 09 2026 02:00:00 GMT+0200 (South Africa Standard Time),hello@domain.com
fieldhubs.co.za,fieldhubs.co.za,ZA,,,,,false,,Wed Sep 09 2026 02:00:00 GMT+0200 (South Africa Standard Time),
account.ekoa.co.za,account.ekoa.co.za,ZA,,,,,false,,Wed Sep 09 2026 02:00:00 GMT+0200 (South Africa Standard Time),
account.picture-me.co.za,account.picture-me.co.za,ZA,,,,,false,,Wed Sep 09 2026 02:00:00 GMT+0200 (South Africa Standard Time),
universal-apex.co.za,universal-apex.co.za,ZA,,,,,false,,Wed Sep 09 2026 02:00:00 GMT+0200 (South Africa Standard Time),
foodgrown.co.za,,ZA,,Health,,,false,,Wed Sep 09 2026 02:00:00 GMT+0200 (South Africa Standard Time),
noloveinthecity.com.ng,Store unavailable,NG,,,,,false,,Wed Sep 09 2026 02:00:00 GMT+0200 (South Africa Standard Time),
softwearsneakers.co.za,SHOPSOFTWEAR.SA – SOFTWEAR,ZA,,,,ZAR,false,Yoco;Paystack,Wed Sep 09 2026 02:00:00 GMT+0200 (South Africa Standard Time),
edgarsbeautysandton.co.za,Store unavailable,ZA,,,,,false,,Wed Sep 09 2026 02:00:00 GMT+0200 (South Africa Standard Time),
catchcraftoutdoors.co.za,Store unavailable,ZA,,,,,false,,Wed Sep 09 2026 02:00:00 GMT+0200 (South Africa Standard Time),
alarmstore.ng,alarmstore.ng,NG,,Electronics,,,false,,Wed Sep 09 2026 02:00:00 GMT+0200 (South Africa Standard Time),
bodifly.co.za,bodifly.co.za,ZA,,,,,false,,Wed Sep 09 2026 02:00:00 GMT+0200 (South Africa Standard Time),
mail.toastyexperiences.co.za,mail.toastyexperiences.co.za,ZA,,Travel & Outdoor,,,false,,Wed Sep 09 2026 02:00:00 GMT+0200 (South Africa Standard Time),hello@toastyexperiences.co.za
toastyexperiences.co.za,toastyexperiences.co.za,ZA,,Travel & Outdoor,,,false,,Wed Sep 09 2026 02:00:00 GMT+0200 (South Africa Standard Time),hello@toastyexperiences.co.za
bloomsandgifts.co.ke,,KE,,Food & Drink,,,false,Pesapal,Sat Sep 12 2026 02:00:00 GMT+0200 (South Africa Standard Time),ann@bloomsandgifts.co.ke
1010agency.co.za,1010agency.co.za,ZA,,,,,false,,Wed Sep 09 2026 02:00:00 GMT+0200 (South Africa Standard Time),
account.bellaluna.co.za,account.bellaluna.co.za,ZA,,,,,false,,Wed Sep 09 2026 02:00:00 GMT+0200 (South Africa Standard Time),
www.angiec.store,www.angiec.store,ZA,,,,,false,,Wed Sep 09 2026 02:00:00 GMT+0200 (South Africa Standard Time),
hypecartels.co.za,hypecartels.co.za,ZA,,,,,false,,Wed Sep 09 2026 02:00:00 GMT+0200 (South Africa Standard Time),
bimscraftstudio.com.ng,bimscraftstudio.com.ng,NG,,Arts & Entertainment,,,false,,Wed Sep 09 2026 02:00:00 GMT+0200 (South Africa Standard Time),
belux.co.za,belux.co.za,ZA,,Beauty & Fitness,,,false,Yoco;PayFast;Payflex,Wed Sep 09 2026 02:00:00 GMT+0200 (South Africa Standard Time),
colourstory.co.za,colourstory.co.za,ZA,,Apparel,,,false,Yoco,Wed Sep 09 2026 02:00:00 GMT+0200 (South Africa Standard Time),
montpellierfarm.co.za,montpellierfarm.co.za,ZA,,Food & Drink,,,false,Paystack,Wed Sep 09 2026 02:00:00 GMT+0200 (South Africa Standard Time),
cloudcycle.co.za,CloudCycle,ZA,,Health,,ZAR,false,PayPal,Tue Sep 08 2026 02:00:00 GMT+0200 (South Africa Standard Time),
beautywarehouse.co.za,,ZA,,Beauty & Fitness,,,false,Stitch,Tue Sep 08 2026 02:00:00 GMT+0200 (South Africa Standard Time),
sunfree.co.za,Sunfree Trading,ZA,,Health,,ZAR,false,Yoco,Tue Sep 08 2026 02:00:00 GMT+0200 (South Africa Standard Time),
soniqsa.co.za,Store unavailable,ZA,,,,,false,,Tue Sep 08 2026 02:00:00 GMT+0200 (South Africa Standard Time),
ratoloscents.co.za,Welcome To Rato Lo Scents,ZA,,Beauty & Fitness,,ZAR,false,Yoco,Tue Sep 08 2026 02:00:00 GMT+0200 (South Africa Standard Time),hello@ratoloscents.co.za
luxevitality.co.za,Store unavailable,ZA,,,,,false,,Tue Sep 08 2026 02:00:00 GMT+0200 (South Africa Standard Time),
techavenue.co.za,Store unavailable,ZA,,,,,false,,Tue Sep 08 2026 02:00:00 GMT+0200 (South Africa Standard Time),
zarflex.co.za,Store unavailable,ZA,,,,,false,,Tue Sep 08 2026 02:00:00 GMT+0200 (South Africa Standard Time),
www.wildinafricasa.co.za,www.wildinafricasa.co.za,ZA,,Apparel,,,false,,Tue Sep 08 2026 02:00:00 GMT+0200 (South Africa Standard Time),
smcricket.co.za,SM Cricket SA – SM Cricket South Africa,ZA,,Sports,,ZAR,false,PayFast,Tue Sep 08 2026 02:00:00 GMT+0200 (South Africa Standard Time),contact@smcricket.co.za
www.thepapergiraffe.co.za,www.thepapergiraffe.co.za,ZA,,,,,false,,Tue Sep 08 2026 02:00:00 GMT+0200 (South Africa Standard Time),
www.nudetheory.co.za,www.nudetheory.co.za,ZA,,,,,false,,Tue Sep 08 2026 02:00:00 GMT+0200 (South Africa Standard Time),
www.snapvolt.co.za,www.snapvolt.co.za,ZA,,Electronics,,,false,,Tue Sep 08 2026 02:00:00 GMT+0200 (South Africa Standard Time),snapvolt4@gmail.com
www.oms-home.co.za,www.oms-home.co.za,ZA,,,,,false,,Mon Sep 07 2026 02:00:00 GMT+0200 (South Africa Standard Time),
www.protella.co.za,www.protella.co.za,ZA,,,,,false,,Mon Sep 07 2026 02:00:00 GMT+0200 (South Africa Standard Time),
taperdesigns.co.za,Store unavailable,ZA,,,,,false,,Mon Sep 07 2026 02:00:00 GMT+0200 (South Africa Standard Time),
luneaonline.co.za,LUNÉA,ZA,,Home & Garden,,ZAR,false,PayPal,Mon Sep 07 2026 02:00:00 GMT+0200 (South Africa Standard Time),
mail.lcdfactory.co.za,mail.lcdfactory.co.za,ZA,,,,,false,,Mon Sep 07 2026 02:00:00 GMT+0200 (South Africa Standard Time),
lcdfactory.co.za,lcdfactory.co.za,ZA,,,,,false,,Mon Sep 07 2026 02:00:00 GMT+0200 (South Africa Standard Time),
eyerevive.co.za,Eye Revive,ZA,,Health,,ZAR,false,,Mon Sep 07 2026 02:00:00 GMT+0200 (South Africa Standard Time),
easeflow.co.za,easeflow.co.za,ZA,,Health,,,false,Yoco,Mon Sep 07 2026 02:00:00 GMT+0200 (South Africa Standard Time),
pets-are-everything.co.za,pets-are-everything.co.za,ZA,,,,,false,,Mon Sep 07 2026 02:00:00 GMT+0200 (South Africa Standard Time),
whoacollectionspackaging.co.za,Store unavailable,ZA,,,,,false,,Mon Sep 07 2026 02:00:00 GMT+0200 (South Africa Standard Time),
grainyknots.co.za,GrainyKnots,ZA,,Home & Garden,,ZAR,false,,Mon Sep 07 2026 02:00:00 GMT+0200 (South Africa Standard Time),info@grainyknots.co.za
meltbeauty.co.za,Melt Hair & Beauty | Luxe Hair and Nail Salon in Sandton – MELT Hair & Beauty,ZA,,Beauty & Fitness,,ZAR,false,PayPal,Mon Sep 07 2026 02:00:00 GMT+0200 (South Africa Standard Time),
everlynco.co.za,– My Store,ZA,,Other,,ZAR,false,,Mon Sep 07 2026 02:00:00 GMT+0200 (South Africa Standard Time),
toykingdom.co.za,,ZA,,Toys & Games,,,false,Payflex;PayU;PayJustNow;Paystack;Discovery Miles,Mon Sep 07 2026 02:00:00 GMT+0200 (South Africa Standard Time),
echowater.co.za,echowater.co.za,ZA,,,,,false,Affirm;TrueMed;shopify_payments;Crypto: USDC;Affirm - Pay Over Time;Truemed - Pay with HSA/FSA,Mon Sep 07 2026 02:00:00 GMT+0200 (South Africa Standard Time),
tintora-eyewear.co.za,tintora-eyewear.co.za,ZA,,Jewellery & Accessories,,,false,,Mon Sep 07 2026 02:00:00 GMT+0200 (South Africa Standard Time),
sbdstudio.co.za,sbdstudio.co.za,ZA,,Business & Industrial,,,false,,Mon Sep 07 2026 02:00:00 GMT+0200 (South Africa Standard Time),info@sbdstudio.co.za
modishmarket.co.za,modishmarket.co.za,ZA,,,,,false,,Mon Sep 07 2026 02:00:00 GMT+0200 (South Africa Standard Time),
zenvira.co.za,zenvira.co.za,ZA,,Home & Garden,,,false,Yoco,Mon Sep 07 2026 02:00:00 GMT+0200 (South Africa Standard Time),zenvira-store@outlook.com
vanessacloset.co.za,vanessacloset.co.za,ZA,,Apparel,,,false,,Mon Sep 07 2026 02:00:00 GMT+0200 (South Africa Standard Time),
www.austraxx.co.za,www.austraxx.co.za,ZA,,,,,false,,Mon Sep 07 2026 02:00:00 GMT+0200 (South Africa Standard Time),
dreamdrive.co.za,,ZA,,Automotive,,,false,Ozow;PayGate;Peach Payments;Adumo Online;Paystack;NjiaPay Payments,Mon Sep 07 2026 02:00:00 GMT+0200 (South Africa Standard Time),
carbontechnik.co.za,carbontechnik.co.za,ZA,,Automotive,,,false,PayFast,Mon Sep 07 2026 02:00:00 GMT+0200 (South Africa Standard Time),
minimoods.co.za,minimoods.co.za,ZA,,Baby & Kids,,,false,PayFast,Mon Sep 07 2026 02:00:00 GMT+0200 (South Africa Standard Time),
airbloom.co.za,airbloom,ZA,,Home & Garden,,,false,,Mon Sep 07 2026 02:00:00 GMT+0200 (South Africa Standard Time),
flexi908.co.za,flexi908.co.za,ZA,,,,,false,,Mon Sep 07 2026 02:00:00 GMT+0200 (South Africa Standard Time),
www.medyfit.co.za,www.medyfit.co.za,ZA,,,,,false,,Mon Sep 07 2026 02:00:00 GMT+0200 (South Africa Standard Time),
legogybc.co.za,LEGO® Certified Store South Africa – LEGO Certified Stores,ZA,,Toys & Games,,ZAR,false,,Mon Sep 07 2026 02:00:00 GMT+0200 (South Africa Standard Time),
columbineco.co.za,Columbine Co.,ZA,,Food & Drink,,ZAR,false,Yoco,Sun Sep 06 2026 02:00:00 GMT+0200 (South Africa Standard Time),columbineroast@gmail.com
skmstudio.co.za,Store unavailable,ZA,,,,,false,,Sun Sep 06 2026 02:00:00 GMT+0200 (South Africa Standard Time),
returnapl.co.za,Store unavailable,ZA,,,,,false,,Sun Sep 06 2026 02:00:00 GMT+0200 (South Africa Standard Time),
dragonight.co.za,DragoNight,ZA,,Apparel,,ZAR,false,,Sun Sep 06 2026 02:00:00 GMT+0200 (South Africa Standard Time),
tatamedia.co.za,– Tatamedia,ZA,,Books & Media,,ZAR,false,,Sun Sep 06 2026 02:00:00 GMT+0200 (South Africa Standard Time),
poe.janecai.co.za,poe.janecai.co.za,ZA,,Books & Media,,,false,,Sun Sep 06 2026 02:00:00 GMT+0200 (South Africa Standard Time),info@janecai.co.za
bycallimila.co.za,By Callimila – ByCallimila,ZA,,Jewellery & Accessories,,ZAR,false,PayFast,Sun Sep 06 2026 02:00:00 GMT+0200 (South Africa Standard Time),orders@bycallimila.co.za
tucked.co.za,tucked,ZA,,Home & Garden,,ZAR,false,Yoco,Sun Sep 06 2026 02:00:00 GMT+0200 (South Africa Standard Time),
thamitshabalala.co.za,thamitshabalala.co.za,ZA,,Arts & Entertainment,,,false,,Sun Sep 06 2026 02:00:00 GMT+0200 (South Africa Standard Time),info@thamitshabalala.co.za
kreatieflik.co.za,Store unavailable,ZA,,,,,false,,Sun Sep 06 2026 02:00:00 GMT+0200 (South Africa Standard Time),
luxebrushcaraca.co.za,Store unavailable,ZA,,,,,false,,Sun Sep 06 2026 02:00:00 GMT+0200 (South Africa Standard Time),
www.govnova.co.za,www.govnova.co.za,ZA,,,,,false,,Sun Sep 06 2026 02:00:00 GMT+0200 (South Africa Standard Time),
brianroberts.co.za,brianroberts.co.za,ZA,,Business & Industrial,,,false,,Sun Sep 06 2026 02:00:00 GMT+0200 (South Africa Standard Time),
tshenolohealthcaresolutions.co.za,Explore our exclusive range of precision medical supplies and products – Tshenolo,ZA,,Health,,ZAR,false,,Sun Sep 06 2026 02:00:00 GMT+0200 (South Africa Standard Time),info@tsenolo.co.za
toyzntingz.co.za,Store unavailable,ZA,,,,,false,,Sun Sep 06 2026 02:00:00 GMT+0200 (South Africa Standard Time),
fernskloof.co.za,,ZA,,Toys & Games,,,false,,Sun Sep 06 2026 02:00:00 GMT+0200 (South Africa Standard Time),
leoanne.co.za,Leoannè,ZA,,Jewellery & Accessories,,ZAR,false,Afterpay;Amex;Apple Pay;Google Pay;Klarna;Mastercard;Shop Pay;Visa,Sun Sep 06 2026 02:00:00 GMT+0200 (South Africa Standard Time),
misimuyote.co.za,– Misimu Yote,ZA,Umhlanga,Beauty & Fitness,,ZAR,false,PayFast,Sun Sep 06 2026 02:00:00 GMT+0200 (South Africa Standard Time),Info@misimuyote.co.za
preschoolbundle.co.za,The Pre-School Bundle,ZA,,Baby & Kids,,ZAR,false,Yoco,Sun Sep 06 2026 02:00:00 GMT+0200 (South Africa Standard Time),
maspalace.co.za,Store unavailable,ZA,,,,,false,,Sun Sep 06 2026 02:00:00 GMT+0200 (South Africa Standard Time),
baggedkicksstore.com.ng,baggedkicksstore.com.ng,NG,,Apparel,,,false,,Sun Sep 06 2026 02:00:00 GMT+0200 (South Africa Standard Time),
flowstatecomposure.co.za,flowstatecomposure.co.za,ZA,,,,,false,,Sun Sep 06 2026 02:00:00 GMT+0200 (South Africa Standard Time),
theshopsa.co.za,theshopsa.co.za,ZA,,,,,false,,Wed Sep 09 2026 02:00:00 GMT+0200 (South Africa Standard Time),
wynstore.co.za,,ZA,,Food & Drink,,,false,Stitch;Capitec Pay,Sat Sep 12 2026 02:00:00 GMT+0200 (South Africa Standard Time),info@wynstore.co.za
souksa.co.za,souksa,ZA,,Electronics,,,false,Yoco;PayFast;Ozow,Sat Sep 12 2026 02:00:00 GMT+0200 (South Africa Standard Time),info@souksa.co.za
walldesigner.co.za,,ZA,,Home & Garden,,,false,PayFast,Sat Sep 12 2026 02:00:00 GMT+0200 (South Africa Standard Time),
blingdesigns.co.za,,ZA,,Arts & Entertainment,,,false,Paystack;Yoco,Sat Sep 12 2026 02:00:00 GMT+0200 (South Africa Standard Time),
moonstruckexperience.co.za,,ZA,,Jewellery & Accessories,,,false,PayPal;Yoco,Sat Sep 12 2026 02:00:00 GMT+0200 (South Africa Standard Time),moonstruckexperience@gmail.com
boucle.co.za,,ZA,,Apparel,,,false,Yoco,Sat Sep 12 2026 02:00:00 GMT+0200 (South Africa Standard Time),boucleboutiqueza@gmail.com
timbur.co.za,,ZA,,Home & Garden,,,false,Peach Payments,Sat Sep 12 2026 02:00:00 GMT+0200 (South Africa Standard Time),info@timbur.co.za
satlec.co.za,,ZA,,Business & Industrial,,,false,PayPal,Sat Sep 12 2026 02:00:00 GMT+0200 (South Africa Standard Time),satlec@lantic.net
qicheworx.co.za,qicheworx.co.za,ZA,,Automotive,,,false,,Sat Sep 12 2026 02:00:00 GMT+0200 (South Africa Standard Time),
belleplum.co.za,belleplum.co.za,ZA,,Beauty & Fitness,,,false,,Sat Sep 12 2026 02:00:00 GMT+0200 (South Africa Standard Time),
www.chinapreordercircle.com.ng,www.chinapreordercircle.com.ng,NG,,Home & Garden,,,false,,Sat Sep 12 2026 02:00:00 GMT+0200 (South Africa Standard Time),
account.xpoedge.co.za,account.xpoedge.co.za,ZA,,,,,false,,Sat Sep 12 2026 02:00:00 GMT+0200 (South Africa Standard Time),
account.velaroshop.co.za,account.velaroshop.co.za,ZA,,,,,false,,Sat Sep 12 2026 02:00:00 GMT+0200 (South Africa Standard Time),
bestvape.co.za,bestvape.co.za,ZA,,Health,,,false,,Sat Sep 12 2026 02:00:00 GMT+0200 (South Africa Standard Time),coffeeandvape24@gmail.com
www.chargingza.co.za,www.chargingza.co.za,ZA,,,,,false,,Sat Sep 12 2026 02:00:00 GMT+0200 (South Africa Standard Time),
captainclothing.co.za,captainclothing.co.za,ZA,,Apparel,,,false,,Sat Sep 12 2026 02:00:00 GMT+0200 (South Africa Standard Time),johanhroets@hotmail.com
